cust_id,age,Estimated_income,recent_spends,family_size,Avg_visits_permonth
1,30,3300,771.5722608,1,4
2,46,12454,128.9220271,3,3
3,76,0,0,1,8
4,38,3000,76.967031,3,3
5,39,2500,2499.99975,1,1
6,24,750,749.999925,1,5
7,68,1,0.368875933,1,3
8,38,13000,10842.62435,3,9
9,62,0,0,1,3
10,29,2231,2213.187625,1,6
11,46,3326,32.55775501,3,2
12,27,764,5.194507052,1,8
13,31,2000,8.528158,3,6
14,67,0,0,1,4
15,49,10257,1364.825037,4,9
16,36,8600,2014.275763,4,2
17,69,15000,5033.378655,2,3
18,64,3200,11.9990016,1,2
19,37,6500,1594.794565,1,5
20,57,8333,25.90603872,1,7
21,61,0,0,1,8
22,47,8000,773.897264,3,10
23,39,3097,560.4708446,4,10
24,44,4067,136.0890674,2,7
25,34,4500,1430.891082,1,2
26,58,14000,6227.727254,5,1
27,39,0,0,1,8
28,61,3300,0,1,10
29,59,19167,0,1,9
30,77,1000,11.498563,1,1
31,57,3500,615.7620665,2,3
32,58,12000,1458.684744,5,7
33,63,0,0,1,2
34,50,3477,0,2,9
35,63,5146,1665.862111,3,9
36,79,4200,36.254547,1,2
37,35,0,0,2,10
38,65,0,0,2,3
39,56,5000,191.67255,1,2
40,55,15000,10724.70209,4,6
41,64,6833,294.037943,1,5
42,38,1,0.025892469,3,8
43,35,0,0,1,8
44,69,3400,120.6654832,1,7
45,64,9000,271.557342,1,5
46,27,5833,2588.083732,1,7
47,50,8750,2558.202054,1,8
48,64,0,0,1,9
49,53,19000,256.515656,3,6
50,63,0,0,1,3
51,63,5250,3118.422531,1,10
52,72,7600,4650.179153,1,10
53,45,8167,73.70862873,3,1
54,44,6962,1812.010343,1,5
55,37,6000,481.728588,1,6
56,36,2000,363.114648,2,1
57,63,10000,256.01772,1,2
58,66,0,0,1,4
59,42,5833,352.1666167,3,8
60,28,0,0,1,5
61,47,14000,4142.995528,2,6
62,44,9200,6740.478136,1,4
63,42,6694,563.7717459,5,3
64,40,10000,1145.61798,3,10
65,81,3333,271.0086864,1,9
66,58,3500,1063.2426,1,7
67,54,9750,115.8678885,3,5
68,33,7166,5393.486102,1,8
69,23,1725,0,1,7
70,49,15000,9514.90584,2,5
71,54,0,0,1,7
72,28,4991,2058.281522,1,6
73,78,0,0,1,6
74,32,6800,6640.416403,3,1
75,59,5700,1524.985615,2,2
76,68,4464,133.1007087,2,2
77,69,8332,67.48785022,1,3
78,62,5480,5479.999452,1,4
79,49,5000,371.281875,4,8
80,25,0,0,1,7
81,68,4000,3588.813708,1,1
82,66,11600,11599.99884,2,8
83,48,500,432.7115255,1,7
84,32,6667,3630.165886,1,6
85,27,4166,3952.545862,1,7
86,49,8333,780.2894622,2,10
87,37,7900,0,6,6
88,36,5500,4016.495764,1,4
89,38,3550,1078.43178,5,6
90,63,1244,353.0745531,1,10
91,52,6946,1078.300687,2,9
92,43,0,0,3,9
93,29,2090,140.5717468,1,9
94,41,6500,219.1075315,3,2
95,29,3000,0,1,2
96,47,25000,929.94225,4,6
97,55,4400,0,2,9
98,71,4300,310.9700488,2,8
99,59,15928,6837.034541,2,3
100,47,0,0,2,4
101,61,0,0,1,9
102,50,5773,1938.212339,2,6
103,71,0,0,1,2
104,48,0,0,1,9
105,35,0,0,1,6
106,51,8000,3660.213112,3,5
107,40,0,0,1,8
108,54,4700,65.4095334,3,7
109,46,0,0,1,7
110,79,0,0,1,9
111,63,6150,4545.750901,2,8
112,63,8050,60.39059285,4,6
113,66,0,0,1,8
114,54,0,0,2,4
115,90,0,0,1,9
116,38,0,0,1,10
117,76,9600,285.0658656,3,3
118,39,10154,3099.471103,3,8
119,52,9700,7201.629598,1,3
120,62,5394,479.2329399,1,4
121,27,3724,52.32089288,2,9
122,73,16666,909.1855645,1,3
123,56,31666,8413.821085,2,8
124,56,4800,148.7811552,1,4
125,70,0,0,1,9
126,49,8785,6447.183793,3,3
127,24,1200,1165.622918,1,3
128,33,0,0,1,10
129,81,3648,14.05103443,2,3
130,57,11667,8004.530524,3,7
131,52,2439,16.96655716,1,1
132,51,10250,750.8304785,3,5
133,97,0,0,1,1
134,56,0,0,1,1
135,41,4583,123.4865748,1,10
136,43,3666,1089.148807,3,9
137,59,0,0,1,6
138,40,9345,8622.352122,1,5
139,23,3500,0,2,7
140,52,5389,155.7998,3,8
141,33,3762,263.294604,1,7
142,69,10000,679.01335,1,10
143,37,7236,0,4,3
144,33,5416,5415.999458,2,4
145,32,3416,3415.999658,4,9
146,42,2700,1565.597268,1,2
147,82,5000,395.891095,1,7
148,46,2500,869.1630825,2,10
149,34,7500,4051.532655,1,10
150,64,6228,4479.836298,1,10
151,72,3900,175.5677157,1,6
152,71,6399,3696.202218,2,1
153,34,0,0,1,6
154,51,5250,910.499142,1,5
155,42,7416,2853.733829,4,10
156,49,6993,364.7637681,2,2
157,54,0,0,1,1
158,31,5250,344.562183,1,6
159,42,3600,1986.803503,2,1
160,40,0,0,2,5
161,57,0,0,1,5
162,27,3900,734.1988797,2,10
163,59,3612,306.3950807,1,4
164,63,5217,5216.999478,5,1
165,44,6000,640.80078,3,3
166,38,3250,927.3632355,4,6
167,29,8400,6154.774206,1,5
168,69,6908,302.9970864,1,4
169,75,8289,71.98647533,1,10
170,55,4144,4143.999586,1,2
171,63,4000,2014.351948,1,5
172,49,0,0,1,6
173,61,10000,6504.32993,2,8
174,46,0,0,1,4
175,78,5595,596.0435355,1,10
176,54,6048,1098.195513,2,2
177,50,3289,404.4691132,2,5
178,51,5833,2257.755844,2,9
179,39,10930,10889.57705,2,8
180,58,6500,56.3258215,1,6
181,36,2247,214.8913686,2,1
182,69,0,0,1,8
183,87,1700,490.5203477,1,8
184,51,7123,632.5906668,1,1
185,64,2334,49.76038286,1,5
186,37,12667,5096.513514,4,3
187,52,3812,39.4546765,2,10
188,67,0,0,1,3
189,51,16984,5344.62198,5,5
190,36,4500,671.9148495,1,2
191,62,8741,330.8443676,1,8
192,70,0,0,1,4
193,46,0,0,1,7
194,56,8700,7196.213813,2,2
195,40,11000,6268.066332,3,3
196,68,6000,229.5504,1,10
197,65,2083,56.89266655,1,6
198,35,5833,320.4655975,3,5
199,49,11666,4504.056084,4,8
200,55,7032,58.27718666,1,9
201,64,9083,209.9474866,1,4
202,32,4000,3999.9996,1,4
203,58,6000,1822.7016,2,8
204,50,11916,147.7436242,1,5
205,83,5000,5.09796,1,5
206,40,11000,500.683931,4,1
207,78,0,0,1,3
208,52,4213,1279.840307,1,5
209,56,8500,2163.665149,5,3
210,48,3082,3036.054358,1,2
211,36,2000,947.326316,1,7
212,38,2500,1188.131188,1,5
213,76,1201,101.5916941,1,3
214,74,1291,112.5526888,1,2
215,47,16666,1861.84394,4,1
216,63,2600,0,2,8
217,39,5866,3866.743609,2,6
218,60,9633,4544.881411,2,1
219,57,3500,288.582259,2,10
220,59,7881,0,1,4
221,32,4000,3999.9996,2,10
222,50,1105,16.89932413,1,5
223,55,6323,1339.588282,2,10
224,59,2236,1.22852548,1,1
225,71,5611,468.4404286,1,4
226,50,4106,3953.860164,1,3
227,45,10416,0,2,6
228,40,0,0,1,2
229,33,3800,3705.55635,3,3
230,54,3414,872.6539636,2,8
231,41,13350,9114.164776,2,8
232,82,8057,107.7677571,1,9
233,73,0,0,1,7
234,33,2800,2004.017229,1,10
235,30,8000,3861.50288,2,4
236,63,0,0,1,7
237,28,0,0,1,4
238,69,5455,10.37145513,1,5
239,71,2336,31.30083488,2,2
240,59,3000,471.411435,2,1
241,28,4500,189.913338,1,1
242,45,0,0,1,10
243,47,0,0,1,8
244,73,18553,179.120625,2,9
245,81,4287,3338.370488,1,8
246,55,15916,2765.947624,1,3
247,50,13400,6125.871359,3,5
248,63,0,0,1,6
249,64,6743,1.600006012,1,9
250,72,0,0,1,7
251,79,5666,202.5864758,2,7
252,41,3675,344.5009754,3,8
253,58,10633,2466.63796,1,5
254,55,0,0,1,10
255,26,1871,1870.999813,1,3
256,59,15075,2289.767528,1,9
257,49,0,0,1,4
258,42,13000,4522.974014,3,4
259,53,4800,523.1191632,1,7
260,31,4333,843.3133661,1,4
261,30,1250,998.7728388,1,9
262,54,2853,2336.937332,1,3
263,39,2500,0,1,10
264,64,0,0,1,5
265,85,0,0,1,5
266,37,9000,336.416031,1,9
267,42,9178,7369.875417,4,5
268,36,2620,2619.999738,1,9
269,64,0,0,1,1
270,25,2000,794.488322,1,10
271,34,5259,25.68935252,3,2
272,73,0,0,1,9
273,39,2308,1187.126837,2,4
274,52,0,0,3,6
275,24,3200,1251.345926,1,8
276,74,0,0,1,9
277,41,2933,1790.328726,3,10
278,76,2880,107.6505984,1,10
279,65,10000,1637.50645,1,10
280,38,0,0,1,5
281,47,3800,3799.99962,2,6
282,55,4300,3929.226545,2,6
283,29,12000,871.0455,1,7
284,55,7166,247.4328792,2,10
285,72,0,0,1,6
286,44,0,0,1,10
287,48,4000,1215.1344,2,7
288,59,6300,2012.08472,1,2
289,63,9750,644.6095208,3,1
290,50,4750,3558.384429,1,1
291,32,0,0,1,8
292,45,8966,6279.168203,2,1
293,26,0,0,1,5
294,40,3400,2986.034693,2,7
295,38,0,0,3,5
296,57,13400,3697.681211,1,2
297,43,10000,1029.50576,4,9
298,29,18836,16259.49286,3,2
299,36,4500,2155.559117,3,3
300,37,6140,1578.391601,5,3
301,39,5500,1352.619697,2,5
302,46,4166,1702.605185,1,5
303,57,0,0,1,10
304,47,2513,44.12508095,1,2
305,35,15000,5759.28312,1,2
306,38,6503,6502.99935,4,4
307,44,3130,466.4885863,2,2
308,35,8500,4645.367904,3,10
309,58,10300,1391.357156,3,5
310,35,0,0,1,5
311,80,11000,368.038396,1,7
312,51,8830,3336.991905,2,9
313,47,8100,797.1026373,3,8
314,63,2375,29.77907288,1,8
315,30,0,0,1,8
316,66,5103,11.99145295,1,7
317,62,3000,92.284104,1,5
318,54,3000,656.974764,1,2
319,34,4050,891.8174277,2,3
320,43,15450,0,6,5
321,63,0,0,1,9
322,34,9500,8996.292862,3,3
323,87,6900,0,2,5
324,66,11142,11141.99889,1,5
325,41,8025,771.313871,5,6
326,67,1500,39.2207745,1,1
327,61,0,0,1,3
328,32,4084,315.4758536,1,7
329,50,3200,1831.438202,4,2
330,53,9116,763.610938,2,9
331,78,0,0,1,2
332,62,5200,2500.821492,2,1
333,30,0,0,1,9
334,52,6014,1788.551873,4,8
335,45,0,0,3,8
336,36,6573,2815.759849,1,9
337,52,4000,79.9968,2,7
338,48,10838,0,2,6
339,70,4945,0,1,3
340,46,5500,9.6798075,3,8
341,80,3500,25.737446,2,5
342,28,3000,183.520599,1,8
343,60,2730,2298.875564,2,4
344,50,11500,7866.240937,1,5
345,53,3500,0,1,10
346,80,4079,925.7598995,2,10
347,48,7500,128.894775,3,9
348,44,5004,497.8083183,4,9
349,57,5800,3116.59643,1,1
350,69,0,0,3,10
351,54,0,0,1,9
352,68,0,0,1,5
353,58,8900,1657.386934,4,9
354,79,10500,2959.031859,2,4
355,58,8494,843.2207679,4,7
356,46,3557,3427.576969,4,7
357,65,0,0,1,10
358,70,10083,1928.847248,1,5
359,36,4375,0,3,6
360,48,0,0,1,8
361,68,1351,1350.999865,1,1
362,53,4583,440.0127988,2,10
363,37,0,0,1,2
364,53,3000,0,2,8
365,57,4260,425.2125688,2,7
366,73,9000,4665.15288,1,8
367,56,1836,120.1129854,1,3
368,27,2250,2028.169015,1,2
369,68,3608,1831.050984,1,3
370,63,0,0,2,7
371,41,5600,2025.420863,3,7
372,64,2370,505.8911063,1,3
373,73,0,0,1,2
374,54,7433,299.2029945,3,8
375,60,7578,58.72802987,1,9
376,46,6000,4178.973798,2,10
377,67,0,0,1,8
378,52,3908,68.76055265,2,2
379,84,0,0,1,1
380,47,0,0,1,7
381,78,5732,812.5829481,1,2
382,53,7000,516.08991,1,4
383,45,4710,4178.151345,3,2
384,31,0,0,1,7
385,74,2900,2226.736441,1,5
386,31,2000,82.383524,1,8
387,63,5750,87.405221,1,2
388,54,3091,2595.799063,2,10
389,54,0,0,2,10
390,57,4750,101.7387015,2,2
391,29,6833,6832.999317,1,5
392,30,1,0.036422035,1,8
393,41,3000,2999.9997,1,2
394,68,1614,0,2,7
395,31,4551,545.0985554,1,8
396,35,8000,150.852352,1,7
397,34,6166,6165.999383,3,1
398,45,6895,170.2242702,1,2
399,42,6400,0,5,10
400,41,5500,1820.167267,3,10
401,39,10445,734.5360914,5,6
402,59,7031,3146.12671,3,5
403,67,0,0,2,8
404,49,6417,468.679244,1,4
405,77,2531,730.0043407,1,10
406,63,3800,44.6625134,1,6
407,50,0,0,4,7
408,41,7416,1187.011375,2,9
409,73,8300,265.6681762,1,10
410,53,7666,7621.027135,1,2
411,39,4166,0,1,10
412,49,4000,182.77488,2,1
413,56,8362,308.8436884,3,9
414,27,6400,4126.147706,1,2
415,42,11250,5315.575793,4,6
416,43,0,0,1,7
417,59,9500,166.3371435,1,10
418,32,6000,667.965744,2,1
419,44,5000,3428.501175,1,4
420,53,9000,166.109544,3,7
421,31,6664,755.6994926,1,2
422,80,6000,1042.280502,1,10
423,60,5417,232.7631813,1,9
424,63,7435,166.8482774,1,10
425,61,6400,6266.852243,1,8
426,44,10000,1716.91856,3,1
427,59,11583,5571.28712,2,3
428,44,4585,4584.999542,6,2
429,49,2500,46.18922,2,8
430,38,5800,4793.358844,3,9
431,67,16383,0,2,9
432,44,2480,2479.999752,6,9
433,52,0,0,1,7
434,38,10000,804.81775,2,9
435,41,8000,0,2,7
436,60,3118,947.1972648,1,8
437,49,10743,2145.013417,3,4
438,34,2440,2439.999756,6,1
439,52,4642,4641.999536,1,7
440,65,0,0,2,8
441,66,18694,0,1,9
442,48,4558,0,1,1
443,53,7916,2268.442033,1,10
444,55,5316,999.7230262,3,3
445,40,8303,4347.205588,3,8
446,46,0,0,1,6
447,44,11400,5064.089293,1,6
448,35,3800,2558.120267,1,2
449,62,0,0,1,1
450,73,0,0,1,5
451,65,9335,9334.999067,3,2
452,41,10895,7469.437604,2,7
453,48,5000,99.998605,1,7
454,53,3330,1851.273667,1,3
455,46,2700,386.6062986,1,8
456,26,2125,1275.614597,1,1
457,26,800,176.1777096,1,2
458,52,2286,68.90329069,1,10
459,51,4492,891.4594153,3,10
460,37,8200,1056.504917,3,7
461,61,0,0,1,9
462,43,4000,672.23096,1,5
463,73,5895,1452.350366,1,5
464,74,3800,275.4796092,1,6
465,35,2400,1004.916257,1,6
466,43,10000,883.36591,3,1
467,42,8500,3888.171014,3,1
468,80,1332,39.38851739,1,1
469,27,4200,1832.922899,1,3
470,65,2193,155.1353573,1,8
471,30,3350,0,1,8
472,80,4700,439.1974314,1,1
473,49,6500,5263.297566,3,6
474,42,3175,3090.695479,1,10
475,57,0,0,1,3
476,58,0,0,3,7
477,86,0,0,1,8
478,68,0,0,1,9
479,59,4000,528.960704,1,5
480,24,4800,4435.714286,3,6
481,56,7104,67.45427021,2,5
482,41,5577,0.2994849,2,8
483,64,7500,127.8765225,1,9
484,30,4500,4499.99955,1,10
485,89,3490,16.64616575,1,8
486,43,5300,181.5111829,2,5
487,37,9058,2808.672638,1,5
488,26,2400,0,1,10
489,68,2568,977.073413,4,8
490,38,5000,937.046395,3,3
491,48,0,0,1,7
492,48,10833,2962.125526,1,2
493,61,1833,55.03524027,1,7
494,66,5000,41.23878,1,3
495,67,0,0,1,1
496,51,8000,1642.195704,1,5
497,53,4985,2314.016437,1,2
498,58,4016,1874.544079,1,10
499,46,0,0,2,6
500,45,3000,1609.385415,2,4
501,33,2833,2601.663042,1,1
502,39,9729,2955.510644,4,8
503,85,0,0,1,9
504,27,1600,1573.342219,1,10
505,61,4800,1361.744112,1,6
506,61,6090,876.5449848,1,10
507,49,15000,0,4,2
508,72,3500,100.6352095,1,3
509,49,1971,897.109691,1,5
510,44,9500,0,3,5
511,52,10000,243.78631,4,8
512,62,4184,111.386402,3,1
513,50,0,0,1,9
514,37,1900,220.0477191,1,2
515,43,10000,2125.26282,1,9
516,47,1500,455.6754,1,8
517,44,3071,406.7965233,2,6
518,32,2575,1175.706488,1,9
519,29,0,0,1,5
520,41,0,0,1,5
521,52,10772,0,5,6
522,34,2566,0,1,6
523,41,4000,3763.0997,2,9
524,43,3325,1415.111062,1,6
525,44,3500,0,3,10
526,73,0,0,3,5
527,77,4091,369.6709134,1,7
528,59,5000,27.259115,1,9
529,33,5800,250.884133,1,10
530,66,2000,607.5672,1,9
531,55,7671,140.1115744,1,9
532,52,6727,6726.999327,2,7
533,73,0,0,1,6
534,25,820,0,1,8
535,62,9752,1822.178588,1,1
536,43,4694,2228.15383,2,10
537,49,4000,1426.539616,1,1
538,57,0,0,1,2
539,38,0,0,1,4
540,35,9700,412.651386,3,3
541,59,0,0,1,1
542,31,5893,260.3407301,2,6
543,66,2836,112.7407757,1,2
544,59,12815,653.8134829,4,8
545,53,2900,2398.88183,1,9
546,43,2713,18.55338767,2,7
547,59,0,0,1,1
548,64,11666,663.7417131,1,1
549,61,11750,3569.4573,2,6
550,67,0,0,1,10
551,25,1781,1369.26982,1,6
552,56,55000,38785.84622,2,9
553,56,14516,14332.62091,1,5
554,77,7900,2891.890519,1,3
555,32,1500,1499.99985,1,6
556,63,0,0,2,4
557,42,5600,31.7011688,2,8
558,58,5000,227.52925,2,7
559,70,0,0,1,1
560,52,6649,0,3,3
561,55,6700,4783.891241,1,1
562,61,1800,546.81048,1,6
563,53,0,0,1,3
564,79,0,0,1,9
565,59,0,0,1,4
566,40,0,0,1,8
567,62,13000,345.792083,2,2
568,41,4166,268.1750768,2,5
569,47,11250,3947.036501,4,2
570,42,8000,7272.347008,1,2
571,76,3501,47.7056868,1,3
572,41,8333,51.34371284,1,10
573,36,8175,1330.11062,5,6
574,33,2660,76.05699696,1,3
575,31,1200,1199.99988,1,4
576,78,0,0,2,5
577,60,9000,0,2,9
578,60,0,0,1,2
579,47,10000,1802.80146,6,2
580,49,0,0,1,5
581,44,6800,4200.172918,3,5
582,83,0,0,1,1
583,69,8442,328.8237848,1,5
584,47,5000,846.166155,3,8
585,46,0,0,1,7
586,47,7813,3970.99494,2,7
587,34,3500,981.1706905,1,7
588,67,4705,66.26398259,1,5
589,40,0,0,1,10
590,28,2380,75.3936638,1,1
591,41,0,0,1,3
592,71,0,0,1,2
593,49,4050,798.7125123,1,1
594,50,0,0,3,7
595,64,7083,329.0621982,1,5
596,53,10995,10994.9989,3,10
597,67,5885,358.2559956,3,2
598,55,0,0,1,2
599,46,12392,5999.424861,1,5
600,27,8000,6452.182208,1,6
601,54,2955,1965.587905,1,4
602,54,0,0,1,4
603,35,9000,2013.098688,1,4
604,27,0,0,1,3
605,50,0,0,1,5
606,61,0,0,1,9
607,37,0,0,1,10
608,28,0,0,1,4
609,60,3652,0,1,9
610,56,2250,1208.495831,1,1
611,55,2166,691.9236077,2,8
612,52,3200,217.802512,1,10
613,50,6000,955.46937,1,6
614,65,3000,1368.587031,1,10
615,23,2500,2273.736813,1,3
616,48,0,0,1,4
617,78,3900,0,1,8
618,24,3100,0,1,9
619,81,0,0,1,7
620,67,0,0,1,7
621,23,862,861.9999138,1,5
622,54,5200,62.120318,1,9
623,63,6333,1790.411645,1,9
624,86,5313,254.0333061,1,6
625,63,5833,4450.870166,2,8
626,44,4300,179.2409033,2,5
627,39,5000,69.216585,1,10
628,62,5003,468.2709091,1,7
629,64,2100,35.3753568,1,5
630,24,1480,865.3820598,1,9
631,57,25000,4255.8959,2,2
632,34,6800,1208.567189,1,4
633,39,0,0,1,6
634,51,8983,278.1167252,1,1
635,56,3400,2387.264498,1,7
636,60,14593,537.209278,4,3
637,54,5100,65.918469,4,6
638,75,3000,22.089738,1,3
639,41,8692,5735.77119,5,5
640,28,0,0,1,9
641,39,4350,2063.657813,3,9
642,57,6000,304.740024,1,1
643,34,4048,1528.479681,1,7
644,50,12866,7864.438468,4,9
645,35,0,0,1,4
646,55,12000,9274.693584,1,3
647,51,4302,1732.261887,1,6
648,64,12500,145.366775,2,4
649,49,7900,221.2450695,1,4
650,35,9500,401.9726355,2,6
651,51,6565,202.2172374,1,4
652,54,4500,3234.121884,1,4
653,55,13128,840.278251,1,8
654,58,0,0,2,1
655,37,0,0,3,2
656,51,15416,7764.42905,3,6
657,29,5000,126.81324,1,5
658,68,3783,21.34907678,1,9
659,59,0,0,4,6
660,62,7570,657.4611389,1,8
661,45,8505,1632.60717,2,5
662,54,5600,804.204828,3,7
663,24,0,0,1,1
664,60,1100,3.9349101,1,10
665,36,0,0,1,2
666,38,0,0,3,3
667,51,11666,239.6797782,1,7
668,73,6283,80.21910725,1,2
669,53,8340,3830.510409,3,7
670,58,18600,82.062828,1,1
671,57,0,0,1,4
672,57,10333,339.3753987,1,7
673,41,8300,5934.271758,1,4
674,31,3800,269.1254354,1,5
675,54,2000,115.56348,1,9
676,60,16580,3017.099242,3,7
677,36,1600,1599.99984,4,3
678,39,12000,947.502024,7,8
679,46,0,0,3,5
680,55,2400,77.1080184,1,10
681,40,0,0,1,2
682,81,0,0,1,2
683,49,21847,1113.691679,1,9
684,25,5600,3028.085956,2,2
685,59,7767,3327.689651,1,9
686,66,7500,207.7562325,2,1
687,72,5830,357.7886158,2,8
688,87,6250,61.63051875,1,9
689,48,6933,1738.195406,2,3
690,48,12611,8936.032917,4,7
691,65,4166,31.49825531,1,9
692,30,0,0,1,2
693,64,5450,2198.682126,1,10
694,63,2390,2389.999761,2,5
695,87,7018,793.6315336,1,9
696,41,0,0,1,1
697,40,0,0,1,2
698,33,5000,945.265415,1,9
699,51,17199,7928.512472,2,1
700,56,10000,268.00767,2,3
701,73,5197,957.1970606,1,1
702,26,803,337.7651794,1,4
703,85,9406,151.1180282,1,8
704,47,6920,288.4338763,3,2
705,68,0,0,1,7
706,58,0,0,4,1
707,79,0,0,1,8
708,70,2835,308.1294254,1,6
709,79,22500,1169.460473,2,10
710,50,7940,5232.513825,3,3
711,66,5200,169.5431816,1,3
712,67,8000,0,1,2
713,48,7100,140.3003168,1,7
714,69,5500,196.6991125,2,5
715,45,9906,8834.411773,1,3
716,55,6477,6059.214652,1,10
717,33,7016,6870.395079,3,8
718,39,2680,2028.624759,2,8
719,93,2450,32.66449025,1,8
720,58,9166,662.2222532,1,8
721,47,13000,0,1,2
722,43,8098,136.1676757,1,6
723,61,0,0,3,4
724,65,0,0,1,5
725,62,2700,0,1,5
726,47,4136,4135.999586,4,1
727,52,4400,4399.99956,1,7
728,59,11318,3438.222785,2,7
729,47,0,0,2,9
730,48,2500,2499.99975,1,2
731,53,4000,888.399288,1,5
732,33,5200,1726.044294,1,9
733,32,3000,272.285511,1,1
734,44,4800,0,1,7
735,28,3000,176.162673,1,10
736,48,5100,2456.516847,1,6
737,45,7830,2168.801562,1,10
738,53,4916,32.94920487,1,4
739,50,6948,5475.665036,3,3
740,89,6000,5999.9994,1,8
741,54,10388,2505.049153,4,7
742,42,6800,0,4,10
743,51,1916,514.3994489,2,8
744,52,5604,20.68399414,3,2
745,61,5750,33.20711825,1,8
746,74,1700,21.0148373,1,4
747,41,3747,650.449224,1,4
748,84,0,0,1,10
749,69,3584,28.48009472,1,1
750,64,0,0,1,1
751,51,2666,411.6275954,1,3
752,39,16666,2715.683902,1,9
753,49,6300,484.8226488,3,2
754,46,8097,6039.773607,3,7
755,53,7046,1291.291038,1,6
756,69,0,0,1,5
757,84,1700,0,1,9
758,55,0,0,1,10
759,30,0,0,1,7
760,56,5700,5699.99943,1,2
761,39,3200,2955.481728,1,2
762,42,8311,1155.944502,2,8
763,46,4695,169.7650918,1,3
764,47,0,0,1,9
765,43,4000,1556.879528,1,2
766,59,2800,337.480752,1,6
767,68,7100,892.1623215,1,5
768,64,6466,1954.201237,2,7
769,81,3250,7.1425445,2,9
770,38,6500,488.3426665,2,2
771,42,18000,15556.63478,6,1
772,69,5334,233.3746189,1,7
773,43,0,0,1,1
774,56,8317,2940.515954,1,8
775,40,3000,774.788625,2,3
776,23,2401,483.0792816,1,5
777,50,8300,330.3339908,4,5
778,31,5155,4826.069667,2,5
779,22,2400,998.8670448,1,5
780,81,3395,139.8521973,1,10
781,45,4116,4115.999588,1,10
782,81,4500,57.589677,1,6
783,34,7382,2042.796182,6,5
784,48,1600,304.4130416,1,1
785,38,6667,3559.404815,3,6
786,45,8000,44.491024,1,2
787,58,7149,3473.363169,1,8
788,61,6084,3955.628105,2,2
789,51,16000,15999.9984,3,1
790,62,9843,418.6334893,3,10
791,39,6000,2024.330556,1,10
792,33,1300,430.5910648,1,5
793,77,8329,0,1,3
794,63,0,0,2,6
795,73,0,0,2,5
796,42,151,0,4,9
797,50,5072,2429.111739,3,9
798,52,13500,1295.534318,2,6
799,68,3200,831.2729984,1,4
800,30,3200,523.0804768,1,8
801,39,33333,14121.17832,3,6
802,73,10364,3648.240367,1,1
803,56,28000,8976.799888,3,3
804,41,0,0,1,6
805,58,11754,242.8174819,2,2
806,32,5000,479.974055,4,5
807,44,0,0,2,1
808,41,6900,24.1725492,3,9
809,44,8000,666.577792,3,3
810,37,4350,3207.590402,4,9
811,65,1681,510.6602316,1,8
812,49,6750,3043.475107,3,3
813,56,10000,1774.1692,3,2
814,74,3333,32.7670163,1,7
815,62,14250,2729.188372,3,8
816,39,14000,9604.251006,1,6
817,50,6000,655.099722,3,10
818,30,7666,2902.27035,1,9
819,62,3582,0,1,8
820,26,2300,0.4618377,1,4
821,78,2600,971.2707186,1,7
822,63,10350,2152.198417,1,8
823,49,1200,851.5819368,1,1
824,67,6175,120.1834384,2,3
825,24,820,0,1,6
826,40,620,34.01899018,1,5
827,45,8272,2039.827206,2,7
828,58,5000,93.980115,1,8
829,61,0,0,1,7
830,56,5300,1012.909797,3,7
831,48,7384,1655.881693,2,7
832,43,6453,2773.63157,3,10
833,76,7000,271.760804,1,9
834,57,12700,1552.906902,2,7
835,37,3029,190.4824391,1,6
836,59,10137,1818.712156,1,5
837,61,0,0,3,8
838,75,6000,344.511756,2,1
839,58,0,0,1,9
840,40,4300,4299.99957,2,3
841,41,4036,3504.142624,2,9
842,39,11368,4755.8136,5,7
843,24,1000,999.9999,1,1
844,36,2500,294.1279475,2,4
845,44,900,807.4382382,3,7
846,54,0,0,1,3
847,37,0,0,1,8
848,65,0,0,1,10
849,59,8000,0,1,7
850,54,4000,665.42596,2,2
851,40,4500,1367.0262,3,3
852,67,0,0,1,4
853,62,4112,4111.999589,2,2
854,39,3336,152.0744089,1,7
855,30,2689,0,1,6
856,39,5338,37.36260503,4,6
857,32,2100,2099.99979,1,5
858,60,3125,16.15052188,1,6
859,31,5916,3520.583517,1,9
860,37,13333,636.1492025,4,10
861,43,12000,1586.465856,3,8
862,24,0,0,1,2
863,34,1500,262.3737495,1,3
864,47,7000,5637.665285,3,10
865,46,4428,0,2,9
866,25,0,0,1,2
867,72,5300,18.8384154,1,6
868,63,9833,0,2,5
869,78,4000,0,1,7
870,52,4005,939.4348515,4,8
871,31,5833,190.0574381,1,10
872,63,4813,3972.487063,1,10
873,44,2700,1262.19543,1,10
874,51,9497,4116.580997,5,5
875,60,2450,354.3385192,1,3
876,36,10230,205.9502679,1,6
877,41,5600,3820.053602,1,9
878,69,3163,13.45435188,1,2
879,42,8949,2861.122072,3,2
880,60,5000,3614.55418,3,2
881,40,3500,2522.840898,4,7
882,68,0,0,1,10
883,64,4757,293.9024113,1,6
884,81,0,0,1,5
885,71,6500,745.4239845,1,3
886,59,6681,6680.999332,1,10
887,61,8000,1111.628304,2,2
888,67,2772,0,1,2
889,24,764,763.9999236,1,4
890,50,11250,0,3,4
891,60,3811,1157.7193,1,4
892,71,5600,1693.752502,2,5
893,47,9583,3377.797096,2,2
894,66,14250,34.27924425,1,1
895,56,0,0,1,3
896,53,6186,2286.357353,4,3
897,86,3387,1174.494149,2,2
898,29,4500,3570.945624,2,7
899,60,0,0,3,6
900,67,0,0,3,1
901,32,0,0,1,3
902,50,7200,2773.162685,1,2
903,71,0,0,1,1
904,44,0,0,1,10
905,45,5000,1518.918,2,9
906,32,4538,4537.999546,3,6
907,51,10500,5692.697556,1,8
908,34,0,0,1,2
909,76,4960,1103.412527,1,9
910,54,2700,2699.99973,1,1
911,70,9914,925.2896311,1,7
912,54,6200,1743.017743,2,2
913,33,1400,171.107223,1,2
914,52,0,0,1,4
915,55,6800,2399.858829,2,1
916,45,6000,837.887574,4,8
917,46,12500,11317.54336,1,4
918,62,250,47.454501,3,8
919,36,4450,241.6393744,2,7
920,35,0,0,1,9
921,62,3473,1864.125592,1,1
922,81,4166,60.40608348,1,4
923,69,2584,165.8596292,1,9
924,43,7921,0,2,3
925,22,0,0,1,9
926,54,1669,575.6969573,1,9
927,31,0,0,1,3
928,28,4166,1481.720158,1,10
929,38,1600,545.5414288,4,3
930,56,4775,666.6881788,2,9
931,62,4723,1432.471981,1,3
932,73,3090,0,1,5
933,67,6893,0,1,6
934,27,3300,3137.251722,3,2
935,56,5640,1235.898338,1,7
936,46,20000,3597.62558,1,6
937,47,7910,32.4939636,3,7
938,66,7700,145.2099803,1,3
939,62,4000,354.45548,1,3
940,47,7808,439.3154881,4,4
941,50,9125,0,1,6
942,38,2878,2651.960173,1,2
943,63,0,0,1,4
944,68,2032,585.8618346,1,2
945,49,4260,882.9542804,2,10
946,61,0,0,1,5
947,69,8795,1484.114685,1,8
948,78,12000,324.617676,2,4
949,34,5800,0,1,4
950,53,11000,2358.38702,1,10
951,55,3890,537.1179935,1,3
952,73,0,0,1,9
953,52,9695,759.548037,2,3
954,67,10416,6620.046998,1,1
955,61,0,0,1,7
956,63,16001,1280.36093,2,4
957,63,12875,11021.68504,1,3
958,62,5500,1216.458034,2,7
959,49,5500,239.98909,1,3
960,48,3200,0,2,9
961,30,2500,34.47487,1,2
962,33,850,386.9342486,2,8
963,47,7500,446.821995,3,6
964,28,3200,182.8426304,1,7
965,50,6906,113.2187043,1,6
966,81,5890,272.6750585,2,7
967,55,10597,423.5307653,3,2
968,65,0,0,1,2
969,68,0,0,1,8
970,34,1800,1799.99982,3,8
971,57,0,0,1,10
972,52,4750,1442.9721,3,9
973,35,5737,1050.156617,2,8
974,56,1015,819.3580933,1,9
975,47,3500,55.693232,3,2
976,55,14582,990.2606453,3,8
977,53,10540,250.2725424,2,8
978,52,0,0,1,6
979,58,12708,169.2421576,3,10
980,59,14583,72.36402509,2,9
981,60,0,0,1,10
982,46,5683,0.749155792,3,1
983,61,9158,2758.849661,2,8
984,48,9500,7451.203201,1,7
985,62,2500,166.0477075,1,7
986,53,3247,118.1513782,3,3
987,40,15000,823.065195,6,7
988,46,4166,4165.999583,1,5
989,31,5500,620.8211515,1,1
990,41,5209,3398.472303,3,10
991,47,13083,472.1595696,4,4
992,54,0,0,1,3
993,66,0,0,1,3
994,25,7050,7031.35691,1,2
995,65,0,0,2,7
996,60,7000,3283.005103,2,8
997,59,0,0,1,3
998,88,3000,100.886412,1,1
999,60,0,0,1,3
1000,49,3500,984.451545,1,5
1001,47,3613,635.5759669,4,3
1002,71,7023,284.8864008,3,4
1003,38,7725,3729.994342,2,9
1004,40,15000,1132.39437,1,9
1005,68,0,0,1,3
1006,45,0,0,6,1
1007,62,4377,36.05280188,1,9
1008,76,10000,1724.40488,1,9
1009,55,1216,1215.999878,1,6
1010,37,5990,619.4578207,4,9
1011,58,10000,0,5,1
1012,59,0,0,1,5
1013,55,6768,2445.461021,1,2
1014,57,2500,277.65294,3,5
1015,29,4022,4006.264022,1,9
1016,55,7083,2101.676911,1,7
1017,58,5000,7.93431,2,4
1018,64,3937,4.51940041,1,4
1019,89,4800,578.795736,1,1
1020,72,5833,228.2596625,1,8
1021,75,6182,63.67987943,1,3
1022,36,5900,1363.051211,2,5
1023,61,10500,98.2326975,1,3
1024,30,4446,2577.72419,1,7
1025,52,4112,1916.962445,1,2
1026,38,7500,773.44308,1,7
1027,67,5760,1002.464928,1,2
1028,44,4000,449.732692,6,2
1029,78,16800,3838.804654,1,2
1030,74,0,0,1,7
1031,42,0,0,1,10
1032,36,2000,118.073422,1,10
1033,64,0,0,1,10
1034,26,864,1.88491968,1,7
1035,27,0,0,1,4
1036,50,15000,5702.08728,6,6
1037,66,0,0,1,5
1038,33,2000,1085.079896,1,5
1039,64,7664,824.7186869,1,4
1040,62,0,0,1,3
1041,62,28000,2516.4426,3,1
1042,50,10560,178.4550768,5,6
1043,36,4274,3.933007458,3,3
1044,59,0,0,1,6
1045,21,0,0,1,5
1046,45,0,0,5,2
1047,39,4216,3994.249488,1,4
1048,34,5017,426.0837559,4,7
1049,74,2539,116.055735,1,1
1050,51,10607,2203.509052,4,1
1051,65,3750,3749.999625,1,2
1052,32,6750,6599.930004,3,7
1053,39,9333,69.84048161,3,6
1054,36,8000,252.244584,3,3
1055,48,6172,11.86316417,1,1
1056,53,0,0,4,4
1057,81,4000,48.714824,1,10
1058,76,0,0,2,10
1059,36,2600,789.83736,1,10
1060,59,0,0,1,7
1061,67,8260,22.57683498,1,9
1062,48,12000,16.587744,1,3
1063,31,1738,1338.307023,2,5
1064,57,10500,143.0125095,1,5
1065,36,3500,1785.451196,2,10
1066,36,6800,5676.908287,4,8
1067,33,0,0,1,9
1068,84,0,0,1,6
1069,71,0,0,1,5
1070,80,6189,303.6163724,1,1
1071,75,0,0,1,6
1072,59,0,0,1,10
1073,28,898,56.15560833,1,7
1074,75,1350,1097.518703,1,5
1075,32,3000,2.01573,1,1
1076,56,4666,23.3295334,1,1
1077,74,13643,1152.00833,1,6
1078,30,0,0,2,10
1079,72,2000,630.911442,1,1
1080,45,9790,525.2927197,3,6
1081,59,0,0,4,4
1082,34,3140,0,2,4
1083,49,12649,0,1,2
1084,62,0,0,1,5
1085,54,11584,1452.533827,1,3
1086,70,3400,259.0540954,1,3
1087,60,10416,9172.563002,1,10
1088,53,4651,2529.694276,1,10
1089,30,6836,2141.358201,2,9
1090,57,0,0,1,8
1091,53,11128,2529.681013,1,5
1092,41,6000,497.255076,4,10
1093,55,17000,2513.839164,3,1
1094,57,6217,303.0635992,1,2
1095,64,0,0,1,8
1096,37,7250,1052.71893,1,2
1097,41,5833,0.773601625,3,1
1098,65,12083,3629.600758,2,5
1099,46,8667,335.1150672,3,10
1100,51,3800,1807.702727,2,1
1101,32,3800,3704.210592,5,4
1102,49,6750,1130.034436,1,7
1103,59,0,0,3,4
1104,50,0,0,2,3
1105,75,8500,550.7439765,2,3
1106,57,0,0,1,1
1107,32,3750,3749.999625,4,4
1108,67,2400,644.4585192,2,1
1109,32,3700,1105.462871,1,9
1110,55,0,0,1,6
1111,40,14166,1788.645908,3,5
1112,63,7500,165.7350825,1,10
1113,47,10500,213.3074685,1,2
1114,64,0,0,2,5
1115,61,4500,4499.99955,3,8
1116,87,0,0,1,3
1117,41,1500,31.3299885,1,6
1118,29,0,0,1,6
1119,32,3850,1792.645139,3,4
1120,55,0,0,1,3
1121,36,6000,4956.769596,1,6
1122,58,5816,5045.12227,1,6
1123,50,4916,2.284155492,1,5
1124,72,0,0,1,2
1125,49,25000,911.370475,1,5
1126,39,0,0,1,5
1127,54,0,0,1,10
1128,64,0,0,1,5
1129,54,2300,1387.84918,1,2
1130,50,10124,913.9168766,3,7
1131,59,0,0,1,5
1132,41,0,0,1,9
1133,63,8815,84.21835133,1,3
1134,64,7923,0,3,7
1135,40,5200,5155.404904,1,1
1136,57,5480,1099.14792,4,4
1137,58,10750,10203.51441,1,9
1138,57,5200,1579.67472,2,10
1139,35,0,0,1,1
1140,34,6400,1056.612397,1,8
1141,56,12500,1480.37225,2,2
1142,47,4100,4099.99959,3,7
1143,80,5000,8.436975,1,7
1144,47,3500,1213.965676,4,5
1145,59,8052,2700.923079,1,9
1146,40,0,0,1,7
1147,69,6000,437.351946,1,5
1148,55,9500,584.4112435,1,9
1149,55,9345,2.725572045,2,7
1150,70,6000,120.795972,1,2
1151,46,4000,3299.099364,1,8
1152,48,5400,1130.20036,2,3
1153,53,10937,128.3965192,1,9
1154,21,280,279.999972,1,10
1155,48,0,0,1,2
1156,79,10011,99.35703265,1,1
1157,43,5000,1518.918,1,6
1158,28,1736,1735.999826,2,7
1159,56,3333,80.67540499,1,7
1160,71,8177,1733.403144,1,5
1161,37,2800,1681.316098,1,4
1162,25,4250,2661.340722,1,5
1163,60,0,0,1,7
1164,31,2285,374.4831432,2,6
1165,54,9270,63.43165287,1,3
1166,27,2016,439.0410931,1,6
1167,62,8938,4329.90006,1,6
1168,61,0,0,2,2
1169,46,2600,2599.99974,7,8
1170,57,15833,4649.192731,4,3
1171,76,2241,1232.13182,2,10
1172,48,8462,1663.001861,2,4
1173,73,5650,141.841007,1,5
1174,69,0,0,1,1
1175,65,4000,1814.941112,1,8
1176,50,0,0,1,5
1177,61,2500,2327.25366,1,1
1178,62,0,0,1,10
1179,56,6400,267.7456704,1,7
1180,35,5700,0,3,5
1181,30,1797,1796.99982,1,5
1182,78,0,0,1,10
1183,48,5833,857.712855,3,1
1184,56,5117,1241.910924,2,3
1185,63,13000,547.156012,1,10
1186,68,1600,0,1,10
1187,46,8258,3689.405297,3,1
1188,31,3333,1674.824174,1,8
1189,54,6000,2842.530282,1,5
1190,75,0,0,1,10
1191,49,0,0,4,9
1192,79,3500,1.4058905,1,1
1193,88,0,0,1,10
1194,53,0,0,1,3
1195,73,6278,590.4102724,1,6
1196,26,8333,3721.081043,1,8
1197,51,1600,18.3984672,4,9
1198,60,0,0,2,7
1199,33,6000,1286.465268,3,4
1200,70,4500,56.3696325,1,6
1201,73,0,0,1,3
1202,42,2500,2499.99975,3,3
1203,67,4100,641.1920915,1,8
1204,57,7084,317.1684892,1,5
1205,68,0,0,1,3
1206,65,8333,195.2870965,1,1
1207,38,0,0,1,4
1208,54,2966,2853.116843,1,2
1209,57,0,0,1,8
1210,40,0,0,1,9
1211,65,0,0,1,9
1212,52,7725,2217.832135,2,10
1213,73,5700,178.2877749,1,1
1214,38,9771,4558.968706,4,4
1215,31,6250,214.05715,1,6
1216,61,1500,1499.99985,2,2
1217,34,4325,4324.999568,1,2
1218,51,0,0,1,9
1219,55,8251,227.9198483,3,2
1220,65,2411,38.64609983,1,8
1221,83,0,0,1,5
1222,70,0,0,1,9
1223,35,2416,500.2034867,3,4
1224,50,7237,7063.658681,2,2
1225,33,400,399.99996,2,6
1226,27,451,192.3370297,1,2
1227,55,5297,2710.827204,1,5
1228,46,10800,1130.1907,7,4
1229,71,5134,1337.175888,1,9
1230,50,6357,3573.36365,1,4
1231,49,2500,569.88632,1,7
1232,87,0,0,1,7
1233,55,10000,4446.31058,8,10
1234,48,9371,0,5,10
1235,42,8665,8639.872756,2,1
1236,28,3300,1191.804458,1,6
1237,50,500,0.416653,1,4
1238,26,3520,497.6284755,1,2
1239,41,3400,2912.774937,3,10
1240,78,9312,0,1,10
1241,52,7500,5279.385473,1,6
1242,53,5323,2760.780556,1,4
1243,36,0,0,1,3
1244,66,0,0,1,2
1245,36,4767,3685.901022,1,5
1246,67,6000,160.962654,2,9
1247,51,3200,3199.99968,1,6
1248,75,8273,124.2837568,1,6
1249,39,2000,118.045476,3,2
1250,73,1901,1900.99981,2,3
1251,40,5115,514.2954907,1,4
1252,48,400,1.660486,4,7
1253,56,3313,127.8562303,2,6
1254,52,14122,4362.042888,1,7
1255,43,0,0,1,4
1256,57,3471,0,1,3
1257,57,15000,134.98605,1,7
1258,75,4166,366.2417586,2,2
1259,52,11000,9652.030135,1,2
1260,57,8745,4523.308155,4,7
1261,57,0,0,1,4
1262,41,15503,643.8769522,1,8
1263,58,0,0,1,6
1264,73,3200,44.285504,2,8
1265,28,3166,0,1,3
1266,50,11333,9089.224345,4,6
1267,62,0,0,1,7
1268,34,5527,3967.266047,1,1
1269,34,10200,2229.838993,2,3
1270,55,13282,4080.478734,2,6
1271,56,2000,157.1608,3,3
1272,45,20000,318.9033,2,10
1273,84,0,0,1,2
1274,49,6300,3583.741934,1,6
1275,22,0,0,1,10
1276,52,7200,74.8234584,1,6
1277,56,5186,1611.283318,2,10
1278,63,0,0,1,2
1279,80,4500,17.6467455,1,9
1280,54,6800,6119.144546,5,2
1281,53,16746,1616.103526,3,6
1282,40,0,0,3,6
1283,79,3812,76.60298245,1,7
1284,54,3000,1224.706845,1,2
1285,71,4515,33.59106272,1,8
1286,60,12918,322.1682802,1,2
1287,48,4836,4260.236034,3,4
1288,41,0,0,1,4
1289,45,1500,1499.99985,2,3
1290,57,3000,546.838332,1,8
1291,35,7583,3614.454656,2,2
1292,39,6000,1152.510264,2,7
1293,46,15416,1327.848003,3,5
1294,72,0,0,1,3
1295,39,3750,1258.387939,3,3
1296,27,3400,0,2,5
1297,36,3500,3128.553064,1,3
1298,57,0,0,1,8
1299,61,0,0,1,9
1300,73,0,0,1,6
1301,39,1900,9.2069839,3,7
1302,36,5900,1872.788083,3,8
1303,61,3995,694.9862999,2,3
1304,73,0,0,1,5
1305,59,10433,258.3409549,1,7
1306,61,3500,446.7471855,1,4
1307,64,10500,952.2657585,1,5
1308,37,2230,78.71310388,3,2
1309,25,8000,7928.071928,1,10
1310,75,1957,1117.550991,2,6
1311,77,6655,82.99524371,1,10
1312,46,5925,0,1,5
1313,32,4700,3314.872715,3,6
1314,48,2600,789.83736,1,1
1315,33,8000,2430.2688,1,6
1316,36,0,0,1,8
1317,40,8166,1354.752057,2,1
1318,57,10519,3343.102486,1,7
1319,44,5666,633.2439226,1,8
1320,70,0,0,1,1
1321,69,3461,146.396884,1,8
1322,69,5445,176.698118,1,4
1323,57,2800,812.159082,1,7
1324,57,6803,1774.980574,2,8
1325,36,12475,12474.99875,4,9
1326,44,10535,5441.385379,2,8
1327,51,5711,0,1,3
1328,56,12148,932.7462054,2,6
1329,66,10322,739.8592116,1,4
1330,53,2583,2582.999742,1,7
1331,53,2684,95.46689539,1,7
1332,38,0,0,3,6
1333,46,7600,2909.720177,4,1
1334,45,10233,0,2,5
1335,47,8000,4282.28852,3,9
1336,56,4445,78.4974154,3,4
1337,46,11667,10114.70907,1,10
1338,43,20000,0,1,3
1339,41,0,0,4,2
1340,71,2710,81.62144123,1,3
1341,79,0,0,1,1
1342,45,6700,6699.99933,1,1
1343,54,14166,6499.63953,1,5
1344,44,5200,1332.828656,2,3
1345,89,3000,59.884575,1,4
1346,49,4658,717.4510957,1,10
1347,62,10625,2814.682786,2,9
1348,65,3618,55.52266376,1,10
1349,60,8500,6347.272983,1,7
1350,67,0,0,1,10
1351,68,4060,4059.999594,1,5
1352,68,0,0,1,5
1353,49,4936,569.3620075,1,2
1354,46,9800,1296.74333,1,2
1355,43,10000,4486.58649,2,8
1356,41,0,0,1,8
1357,70,0,0,3,3
1358,65,12083,6272.027207,1,4
1359,75,0,0,1,6
1360,69,5178,553.290478,2,10
1361,55,1089,18.72986346,2,4
1362,80,0,0,1,3
1363,33,2569,2111.516904,5,8
1364,45,0,0,1,7
1365,66,6250,213.2309688,1,7
1366,34,3640,271.4613938,1,8
1367,48,0,0,1,10
1368,21,0,0,1,8
1369,41,9750,4148.797234,3,5
1370,71,13435,442.4475329,2,9
1371,62,2048,491.3761956,1,6
1372,43,0,0,1,10
1373,38,8300,7738.871769,3,2
1374,86,4183,2108.480813,1,9
1375,37,4615,1940.975062,3,9
1376,71,0,0,1,2
1377,50,8127,1529.982063,2,5
1378,52,9873,8115.348374,3,10
1379,59,10666,1324.100599,1,7
1380,61,11367,142.8003928,1,5
1381,39,5650,868.4075651,1,4
1382,51,11150,3683.550795,1,1
1383,44,5083,5082.999492,4,4
1384,41,2600,2088.764683,1,4
1385,52,2500,2499.99975,1,6
1386,53,0,0,1,1
1387,61,4000,860.081196,1,9
1388,39,2300,44.0267748,3,5
1389,63,3417,1195.187828,1,2
1390,37,3466,2551.961717,2,3
1391,60,4750,0,3,3
1392,32,11000,3341.6196,1,5
1393,41,2800,1460.626107,2,2
1394,55,5100,1309.804047,5,4
1395,48,7601,33.22660095,2,7
1396,72,2554,105.5008619,1,5
1397,79,4261,647.6967138,1,9
1398,45,3036,121.7959862,4,1
1399,49,5300,432.5588163,2,2
1400,66,3333,144.0791273,1,5
1401,34,8396,317.1502689,1,6
1402,30,2300,286.3876188,2,8
1403,50,0,0,2,10
1404,26,5825,3852.955238,5,5
1405,39,2600,789.83736,2,9
1406,56,0,0,1,4
1407,35,2750,570.5895608,2,6
1408,47,1,0.9999999,1,4
1409,85,0,0,1,1
1410,60,2419,1960.554664,1,10
1411,84,0,0,1,6
1412,49,0,0,1,5
1413,67,3741,66.3806145,1,2
1414,55,12333,1446.40245,1,9
1415,73,1700,32.638368,1,8
1416,63,5340,5339.999466,1,7
1417,66,1333,992.4187013,1,7
1418,50,10150,9901.460909,2,3
1419,40,6533,1984.618259,3,5
1420,70,4500,142.3826865,2,1
1421,26,5500,1670.8098,1,5
1422,55,14400,784.9148976,3,5
1423,54,0,0,2,7
1424,55,8333,4016.16908,2,8
1425,38,5416,2248.479902,3,9
1426,65,4167,2774.427066,1,6
1427,38,2500,205.425435,1,2
1428,52,0,0,1,5
1429,48,13333,1999.464972,1,8
1430,80,4000,47.764144,2,9
1431,51,2750,1775.098328,2,6
1432,38,7333,9.470026858,1,2
1433,48,9000,831.516849,1,3
1434,36,7000,215.864005,1,3
1435,45,9000,6985.529748,1,6
1436,33,1700,1699.99983,2,7
1437,70,0,0,1,5
1438,37,4229,1229.439575,3,6
1439,52,5000,4193.440875,2,6
1440,67,4000,335.702988,1,9
1441,56,7234,659.7188086,4,2
1442,22,2453,0,1,10
1443,71,0,0,1,10
1444,37,0,0,1,5
1445,34,7000,1.390683,3,1
1446,72,4236,177.2000936,2,1
1447,56,5859,1814.370896,1,5
1448,33,3200,972.10752,3,5
1449,34,3200,6.9605152,2,4
1450,43,5500,1298.058196,3,3
1451,53,7500,12.96426,1,10
1452,38,4086,908.4952264,3,8
1453,51,5083,1085.590817,3,4
1454,54,5080,105.8651985,3,4
1455,72,4100,108.3920608,2,6
1456,55,7291,1654.202488,1,10
1457,44,9500,2969.698499,1,1
1458,36,10417,8144.492782,4,5
1459,79,2268,2267.999773,1,4
1460,65,0,0,1,10
1461,62,17770,3512.38067,2,7
1462,62,20326,12732.19935,2,6
1463,40,7206,2973.993196,4,1
1464,56,10109,651.6461963,1,5
1465,76,6340,1450.965477,1,5
1466,57,13875,1369.599793,4,7
1467,59,3019,3018.999698,2,6
1468,30,4100,630.6656613,4,3
1469,52,2600,789.83736,4,3
1470,56,8249,0,1,6
1471,58,7151,108.7150726,1,5
1472,43,3750,1210.5864,2,1
1473,40,8417,987.2323962,4,1
1474,70,2598,37.92827215,1,7
1475,41,10599,10598.99894,3,4
1476,78,0,0,1,10
1477,65,17570,710.8380993,1,10
1478,49,2083,1971.191167,2,6
1479,46,2370,546.5243202,2,10
1480,52,6532,1984.314475,1,1
1481,69,0,0,1,4
1482,63,1842,1841.999816,2,3
1483,27,0,0,1,1
1484,56,11750,3550.559987,1,1
1485,63,1363,414.0570468,1,4
1486,52,0,0,1,9
1487,66,0,0,3,1
1488,59,1700,126.240725,2,8
1489,45,5750,815.543798,3,7
1490,26,2540,771.610344,3,6
1491,38,4500,3381.614231,3,4
1492,49,5000,3481.12366,1,7
1493,60,6750,0,1,1
1494,67,0,0,1,3
1495,65,2500,339.51843,1,9
1496,64,0,0,1,7
1497,51,5405,5327.898945,1,1
1498,45,9583,524.1706178,1,10
1499,42,3528,3397.441089,3,6
1500,48,3900,3899.99961,3,5
1501,70,8000,863.714296,1,2
1502,65,8100,840.5792415,4,6
1503,57,0,0,3,8
1504,68,0,0,1,6
1505,41,5400,520.6109436,4,3
1506,42,1,0.061288243,3,8
1507,53,10000,8935.69987,1,5
1508,56,11326,608.9977968,2,8
1509,40,7996,3810.703063,2,9
1510,54,1330,97.67126187,3,3
1511,58,4377,3815.26211,2,3
1512,68,10500,107.6900055,1,3
1513,40,4100,1245.51276,3,2
1514,59,6000,2826.505692,1,8
1515,51,6410,286.9170806,1,4
1516,65,2200,2095.784442,2,7
1517,53,0,0,1,7
1518,67,4646,0,1,2
1519,70,15000,0,2,2
1520,83,902,504.9781731,1,2
1521,74,7226,389.4228694,1,9
1522,53,0,0,4,9
1523,58,7350,209.1345701,1,9
1524,56,4280,4048.808182,1,2
1525,49,4583,1737.146723,3,3
1526,32,6600,1150.759203,3,3
1527,88,0,0,1,9
1528,57,9580,3177.047656,4,3
1529,31,8150,888.1466983,2,10
1530,74,2700,1747.634522,1,10
1531,43,3908,391.8307428,1,6
1532,85,10500,5.81532,1,4
1533,65,5000,246.53467,2,6
1534,56,0,0,1,1
1535,72,6671,4684.956904,1,10
1536,41,0,0,2,2
1537,77,0,0,1,9
1538,78,5581,1607.933254,1,4
1539,86,3750,271.5608925,2,3
1540,59,6700,2035.35012,1,9
1541,45,4700,679.8586566,3,3
1542,45,9083,4340.127647,1,8
1543,27,0,0,1,3
1544,62,2250,158.9289278,1,10
1545,62,15000,3740.6895,1,9
1546,44,7800,1587.500538,1,2
1547,46,6508,5029.377129,1,4
1548,52,4687,3331.368233,1,10
1549,71,0,0,1,9
1550,52,0,0,1,1
1551,48,7819,30.26628562,2,3
1552,74,6000,2001.447354,2,9
1553,63,0,0,1,5
1554,42,6250,722.4284188,1,7
1555,56,8100,366.6510279,1,7
1556,66,1900,872.5441003,1,5
1557,53,6782,5083.715392,1,8
1558,44,16466,14217.19417,1,1
1559,47,4000,121.203988,1,3
1560,42,0,0,2,4
1561,32,5560,1689.036816,1,1
1562,51,0,0,1,2
1563,34,6700,2801.300773,1,7
1564,76,0,0,1,1
1565,60,13167,66.92780833,3,4
1566,77,8457,3083.157775,1,5
1567,78,0,0,1,7
1568,64,0,0,1,10
1569,78,1600,19.5196096,1,2
1570,37,0,0,1,6
1571,54,4466,347.4985579,1,8
1572,53,5000,190.52656,2,9
1573,54,3201,1287.162308,1,1
1574,40,8200,5440.626725,3,2
1575,75,10833,868.3385494,1,8
1576,66,3300,351.5810199,1,10
1577,56,869,132.6273466,1,4
1578,40,6085,138.6936404,3,10
1579,48,0,0,1,9
1580,51,0,0,1,5
1581,51,6666,2939.83908,3,6
1582,57,16666,5900.823274,2,5
1583,49,6339,5098.120522,1,10
1584,70,0,0,1,5
1585,27,2750,100.1571258,1,1
1586,42,6300,4606.266515,3,6
1587,44,5000,4200.17774,2,8
1588,58,10709,1180.092466,4,4
1589,64,0,0,1,3
1590,41,5085,514.7775495,1,3
1591,38,2228,2227.999777,3,10
1592,50,17216,969.2020934,2,5
1593,49,4291,4243.402984,2,6
1594,72,6100,1717.477936,3,3
1595,40,2100,251.6929863,3,9
1596,43,10000,337.74649,3,2
1597,67,0,0,1,6
1598,59,0,0,1,6
1599,50,3931,3460.07122,2,10
1600,54,5000,4786.04279,1,8
1601,62,0,0,1,4
1602,61,0,0,1,10
1603,53,6700,5995.225091,1,3
1604,42,5300,693.9329962,2,5
1605,59,6246,6245.999375,1,9
1606,50,3580,3352.726818,3,5
1607,45,6833,6237.465327,1,8
1608,46,15227,9073.266977,2,3
1609,54,0,0,1,9
1610,81,3500,198.8192745,1,9
1611,82,5966,701.3217707,1,8
1612,42,4999,3292.410371,1,7
1613,43,1020,271.9818678,1,3
1614,73,450,8.0777709,1,1
1615,58,12750,625.4116485,2,4
1616,68,3750,896.8761188,1,7
1617,78,0,0,1,9
1618,59,8358,2198.895029,3,5
1619,22,820,819.999918,1,3
1620,72,6000,162.650244,1,10
1621,71,2419,0,1,1
1622,60,7010,223.8452618,1,2
1623,37,12000,11999.9988,2,10
1624,34,4400,659.7161296,4,9
1625,55,2600,2112.873937,2,5
1626,88,0,0,1,4
1627,74,3400,886.4206572,1,9
1628,74,0,0,1,6
1629,33,3750,110.7506625,1,8
1630,73,4000,303.234196,1,3
1631,54,13508,608.8222559,2,3
1632,67,3701,766.7554781,1,1
1633,22,0,0,1,2
1634,44,11858,11581.39467,7,5
1635,34,5300,243.3181187,2,9
1636,37,2700,2699.99973,4,8
1637,57,3100,516.769411,1,5
1638,53,0,0,1,10
1639,48,4166,529.923507,2,7
1640,29,1400,1090.543153,1,6
1641,45,6020,886.5719859,3,9
1642,46,0,0,1,7
1643,44,3169,732.7701865,1,1
1644,57,4000,50.167792,1,9
1645,43,3100,1329.03142,3,4
1646,40,13500,6515.561052,3,7
1647,52,6625,770.8925591,2,3
1648,43,0,0,1,7
1649,73,8632,48.00679031,1,8
1650,52,0,0,2,9
1651,36,2898,27.77018643,1,4
1652,26,3169,356.7048868,1,7
1653,60,0,0,1,4
1654,47,8673,749.272274,1,3
1655,64,5000,2184.93892,2,4
1656,35,1000,732.175743,2,8
1657,46,10520,392.969077,2,9
1658,64,4969,3119.103939,1,9
1659,62,0,0,1,5
1660,59,830,29.28936868,1,10
1661,45,5250,3537.558245,3,3
1662,67,8830,2365.600452,2,8
1663,34,4100,4099.99959,2,8
1664,53,7787,7786.999221,2,8
1665,36,2000,286.571142,2,2
1666,40,1700,1447.53162,1,9
1667,32,2000,1148.644738,2,5
1668,47,6350,1880.231508,5,6
1669,26,1000,33.14955,2,9
1670,31,0,0,1,1
1671,42,0,0,1,8
1672,69,25700,3078.679201,1,5
1673,43,12583,11014.0568,3,10
1674,55,3878,3877.999612,1,6
1675,45,10301,4721.906757,4,8
1676,59,0,0,1,7
1677,41,12837,11016.46859,4,1
1678,30,0,0,1,10
1679,67,6800,4102.709729,1,8
1680,47,0,0,3,5
1681,52,7167,6115.092996,1,8
1682,50,6611,165.2599732,4,5
1683,45,0,0,1,1
1684,38,5300,1337.136221,2,10
1685,31,2500,2118.15798,1,1
1686,44,4528,37.67220835,1,6
1687,27,7500,3626.720055,1,10
1688,61,0,0,2,4
1689,61,2700,1747.085382,1,1
1690,46,0,0,1,4
1691,60,3100,150.791936,1,6
1692,57,10100,277.6643419,4,7
1693,49,5075,2776.498127,3,6
1694,25,6200,1298.864189,1,10
1695,57,10000,416.30642,1,9
1696,46,3716,1085.786048,3,5
1697,52,3200,1012.408157,1,9
1698,28,2500,1936.343943,1,8
1699,26,0,0,1,1
1700,38,0,0,2,7
1701,41,3400,3399.99966,4,9
1702,36,7500,1796.522858,3,10
1703,64,7300,1523.185092,2,3
1704,31,6700,723.0132743,1,8
1705,77,6166,288.5457145,1,9
1706,64,4400,1161.736347,1,8
1707,58,6900,373.7276739,2,9
1708,62,939,181.5109527,1,7
1709,49,7567,0,2,3
1710,47,0,0,1,7
1711,42,6000,5999.9994,1,2
1712,59,0,0,1,8
1713,53,20833,3081.430842,2,9
1714,46,10000,8901.25989,4,3
1715,60,6070,2206.610681,1,2
1716,31,5800,4361.459309,4,2
1717,24,1600,1561.311323,1,9
1718,48,34000,482.373538,3,10
1719,26,2680,2679.999732,1,3
1720,51,4327,4326.999567,4,8
1721,57,5270,13.49424606,1,9
1722,63,5000,3481.70266,1,2
1723,53,5412,5068.579175,1,8
1724,78,0,0,1,2
1725,54,2900,1199.622744,1,5
1726,57,5316,16.55507125,2,7
1727,64,13500,518.980959,2,9
1728,56,12080,369.2238108,2,2
1729,27,820,416.9107706,1,9
1730,47,3300,2433.598754,1,3
1731,33,8000,0,3,6
1732,49,5300,2134.444419,1,6
1733,31,3211,3122.191935,1,10
1734,29,1860,565.037496,1,2
1735,80,3700,0,1,3
1736,81,5893,0,2,4
1737,54,4308,711.6324113,1,3
1738,48,2333,171.4503573,1,8
1739,66,15800,1195.839637,2,4
1740,53,20000,10761.47338,2,4
1741,52,9111,15.18399172,2,8
1742,46,1000,999.9999,1,7
1743,74,5001,300.2104251,1,2
1744,58,4200,259.4971596,3,8
1745,59,6500,6499.99935,1,5
1746,32,4000,3766.68222,1,2
1747,51,11166,77.71457838,3,4
1748,51,4804,0,2,3
1749,63,4000,3.096724,1,3
1750,56,9700,3865.93986,1,4
1751,75,7767,16.62739166,1,9
1752,67,6500,6499.99935,2,5
1753,60,5909,271.9131708,1,10
1754,41,22000,21999.9978,1,4
1755,56,524,453.7711961,2,9
1756,59,8891,3152.110351,1,7
1757,72,2800,1388.872526,1,2
1758,60,10500,9315.453956,1,3
1759,49,10700,0,3,5
1760,65,0,0,1,5
1761,46,7917,4700.111532,2,7
1762,44,1700,1699.99983,5,9
1763,39,6250,583.4858063,2,4
1764,49,11132,2548.805118,1,9
1765,48,4500,4499.99955,5,10
1766,52,5500,0,2,4
1767,56,5249,368.0110696,1,1
1768,60,10000,424.04971,1,7
1769,50,2200,1053.119811,3,4
1770,33,7917,513.8410808,2,4
1771,79,0,0,1,3
1772,68,0,0,1,2
1773,40,5300,1606.324525,2,7
1774,50,3900,3542.323929,1,8
1775,42,3000,718.965579,1,8
1776,37,5350,75.8833514,3,10
1777,67,8741,994.9262311,1,9
1778,56,0,0,1,4
1779,29,1320,218.1915133,1,4
1780,44,11333,0,1,2
1781,52,12083,2497.200461,2,5
1782,39,3566,3565.999643,4,8
1783,79,4632,3701.973019,1,10
1784,48,5000,2741.15995,2,9
1785,37,0,0,1,3
1786,45,10000,1660.16194,2,4
1787,30,2833,2552.922135,1,1
1788,68,0,0,1,6
1789,46,2000,1113.85994,1,10
1790,63,3500,1143.449993,2,10
1791,80,3200,972.10752,2,9
1792,47,0,0,1,1
1793,66,0,0,1,3
1794,55,1525,246.3983843,2,7
1795,80,0,0,1,8
1796,49,2080,22.82504016,1,9
1797,37,4250,1083.646678,1,10
1798,74,0,0,1,8
1799,36,6326,3862.207896,2,10
1800,31,4900,4899.99951,1,5
1801,44,0,0,1,6
1802,61,18416,7227.070179,2,6
1803,60,1,0.3037836,5,5
1804,60,3000,452.967177,1,6
1805,41,4468,0,2,1
1806,35,1,0.120473023,3,6
1807,45,1500,1383.884676,3,10
1808,47,0,0,1,4
1809,70,13309,787.0744695,2,7
1810,59,0,0,3,1
1811,61,0,0,1,10
1812,71,15616,3610.32894,2,5
1813,61,5800,2353.689781,1,2
1814,69,3475,3343.213572,1,5
1815,40,2800,618.5255972,1,5
1816,63,4800,24.4890816,1,6
1817,34,4898,1415.546319,5,8
1818,62,4006,3978.54173,1,7
1819,32,4833,2374.071485,1,8
1820,34,5100,5099.99949,3,7
1821,46,7700,19.8840719,1,2
1822,34,0,0,1,10
1823,43,3076,90.74365489,1,9
1824,54,4832,131.3264733,1,2
1825,40,0,0,1,10
1826,26,820,819.999918,1,7
1827,75,5322,61.87842034,1,7
1828,45,1700,1699.99983,2,8
1829,48,0,0,1,10
1830,42,3660,3659.999634,2,5
1831,65,10833,1798.072617,2,5
1832,46,0,0,1,4
1833,53,21633,5630.671485,3,4
1834,53,4000,695.609236,3,4
1835,32,4166,470.6023499,3,4
1836,63,12082,2492.022289,2,5
1837,39,4000,1331.31182,2,4
1838,55,27866,4569.151571,4,8
1839,46,7200,3929.688144,3,7
1840,83,0,0,1,3
1841,45,11250,0,2,8
1842,44,0,0,3,8
1843,35,9437,1535.765263,2,3
1844,37,0,0,1,7
1845,64,8000,69.496552,1,6
1846,48,4250,1291.0803,5,1
1847,27,0,0,1,3
1848,62,7250,390.0409593,3,4
1849,75,3115,138.0771877,1,8
1850,41,7845,1054.54907,4,6
1851,64,2358,1444.856681,1,3
1852,60,2500,868.5700525,1,2
1853,38,6000,1225.911264,3,7
1854,74,2275,93.49414165,2,5
1855,55,0,0,1,5
1856,52,18683,5037.822505,3,9
1857,69,4166,250.2538821,1,4
1858,45,6900,2032.320425,1,6
1859,61,5625,0,1,5
1860,49,20416,262.8126568,1,1
1861,56,12325,118.0674608,1,6
1862,40,0,0,1,7
1863,88,2000,53.9955,1,10
1864,66,2000,197.9318,1,4
1865,45,6650,1036.948126,3,2
1866,53,7829,52.28928034,1,4
1867,51,8702,6828.836084,1,3
1868,38,6900,2844.884062,3,1
1869,51,2718,12.46488118,2,7
1870,45,4500,3068.195454,1,8
1871,23,4173,260.6495944,1,6
1872,49,10000,235.31765,1,10
1873,28,1800,1799.99982,1,7
1874,40,5000,2464.702985,4,4
1875,53,4000,0,1,4
1876,49,0,0,1,10
1877,53,0,0,1,3
1878,55,3800,2634.495187,1,7
1879,60,12903,1101.614773,1,1
1880,64,0,0,1,2
1881,62,3950,2273.204432,3,6
1882,66,11499,3446.469011,2,1
1883,42,9333,1603.080458,3,9
1884,43,0,0,1,4
1885,43,3644,111.674884,1,9
1886,70,8750,0,1,3
1887,50,5916,5742.314108,3,7
1888,70,0,0,1,2
1889,46,4916,4878.098063,2,1
1890,26,0,0,1,10
1891,78,4000,140.543508,1,8
1892,46,0,0,3,3
1893,64,0,0,1,9
1894,69,5000,123.791395,1,2
1895,39,6660,5381.735464,6,10
1896,37,12527,5049.789072,2,1
1897,41,7500,1535.219865,1,2
1898,61,0,0,1,6
1899,44,3640,3217.205082,4,7
1900,33,6750,485.462889,1,3
1901,49,12385,3172.987064,2,3
1902,48,7474,1866.872447,4,1
1903,72,2583,469.4875936,1,8
1904,66,2500,112.067125,1,6
1905,55,9333,3010.864756,5,1
1906,40,3500,843.63944,2,2
1907,66,0,0,1,4
1908,71,12500,1757.929238,1,7
1909,52,5300,31.7467403,1,8
1910,45,6000,597.227592,1,4
1911,66,2667,2059.805033,1,10
1912,61,2500,1721.78891,1,7
1913,50,6000,214.057614,1,7
1914,48,11350,7098.059879,2,1
1915,56,9500,2225.286251,1,10
1916,52,6400,4735.052992,3,10
1917,55,0,0,1,2
1918,78,1300,113.877153,1,2
1919,53,10000,1345.90228,1,8
1920,46,1900,1899.99981,5,6
1921,33,3200,81.0845056,1,4
1922,63,5336,131.7001852,1,1
1923,54,10000,8467.27093,1,1
1924,51,4327,4326.999567,2,2
1925,43,10623,1131.75464,2,6
1926,57,0,0,2,5
1927,30,6000,0,3,9
1928,44,7000,1997.045568,3,5
1929,32,2200,2199.99978,3,1
1930,37,0,0,1,2
1931,46,9400,2855.56584,3,6
1932,62,1,0.9999999,1,4
1933,59,16666,352.8804676,1,8
1934,39,7290,0,1,1
1935,41,5600,3688.195084,4,10
1936,68,0,0,1,2
1937,42,6750,2133.187927,2,2
1938,46,4349,1319.615322,1,8
1939,48,2800,77.8368864,1,8
1940,60,4000,63.458212,1,5
1941,77,0,0,1,5
1942,54,7422,2920.334867,3,1
1943,49,0,0,1,10
1944,71,2140,854.653099,1,9
1945,51,5300,1033.473638,1,5
1946,72,4083,83.23130172,1,10
1947,54,3861,1985.795034,1,1
1948,36,3083,1572.056174,1,1
1949,49,5315,1351.247167,1,9
1950,55,2400,2399.99976,2,1
1951,33,5500,2273.13905,1,9
1952,55,53600,22384.35734,1,9
1953,61,0,0,2,9
1954,32,2200,668.32392,5,7
1955,71,3292,74.28908589,1,8
1956,42,26000,25999.9974,2,1
1957,64,19000,473.615565,1,9
1958,36,5015,89.47982657,1,4
1959,48,0,0,4,4
1960,36,8800,1641.064911,3,9
1961,51,0,0,1,4
1962,76,0,0,1,9
1963,70,2000,1835.601358,1,5
1964,45,0,0,1,7
1965,61,0,0,1,8
1966,73,1800,944.1251208,1,2
1967,60,10000,381.70945,1,6
1968,35,0,0,1,10
1969,45,1000,253.903546,2,6
1970,57,6167,4256.072369,4,2
1971,55,5353,409.9578081,1,2
1972,74,4416,212.293892,1,7
1973,52,4769,4482.617697,4,10
1974,49,11000,982.926142,4,5
1975,60,3235,3234.999677,3,3
1976,31,1692,167.8128375,1,9
1977,63,7083,1206.758575,1,5
1978,42,5416,1645.291978,1,1
1979,52,4635,28.21099703,1,1
1980,55,4346,8.991643662,2,2
1981,45,12500,5797.6231,3,1
1982,38,1800,514.2857148,1,8
1983,44,8700,4771.489379,7,5
1984,50,10500,455.928501,1,8
1985,42,12000,2280.648336,3,5
1986,29,0,0,1,5
1987,64,0,0,1,7
1988,77,0,0,1,8
1989,57,7500,393.29979,1,5
1990,47,11667,10270.80959,3,1
1991,23,4200,4199.99958,3,2
1992,59,6500,494.61685,3,8
1993,91,0,0,1,7
1994,54,3445,1046.534502,2,9
1995,77,0,0,1,5
1996,32,4866,3420.796964,1,1
1997,42,0,0,1,5
1998,31,1750,47.23071675,1,10
1999,44,4000,3999.9996,1,7
2000,50,5335,0,1,3
2001,63,2580,1431.600382,2,6
2002,54,5416,192.7373018,2,4
2003,39,4000,3999.9996,3,7
2004,29,1000,999.9999,1,10
2005,72,5533,61.92017371,1,8
2006,86,10000,556.11975,1,6
2007,30,12000,2304.017772,3,1
2008,60,11055,523.9807997,3,9
2009,55,1000,41.12243,2,5
2010,28,4000,0,1,6
2011,45,3200,1122.386464,1,5
2012,48,2500,1416.740325,1,7
2013,63,8403,2640.000332,1,5
2014,54,13700,1418.276622,1,6
2015,53,9350,7307.115321,2,5
2016,79,2500,14.5352175,1,2
2017,66,7500,144.0264,1,9
2018,66,10500,234.61032,1,5
2019,71,6666,528.5538593,2,5
2020,49,8500,4726.275001,1,4
2021,65,0,0,2,10
2022,28,0,0,1,1
2023,43,1,0.631491796,3,10
2024,80,10416,431.4148356,1,6
2025,28,3100,3099.99969,5,1
2026,25,4200,4199.99958,1,4
2027,53,10100,5134.142141,1,3
2028,55,4400,1336.64784,2,2
2029,70,3900,985.6980705,1,2
2030,47,4700,867.8730762,3,4
2031,44,5500,2152.265632,4,1
2032,44,0,0,1,7
2033,43,5000,2320.61691,4,6
2034,53,4166,480.2717109,2,7
2035,82,4940,100.0495779,1,1
2036,25,910,909.999909,1,9
2037,72,15700,7063.17544,1,8
2038,41,2600,1686.635129,1,9
2039,64,15300,710.6176647,1,1
2040,75,6701,268.945017,1,5
2041,60,3333,1960.348662,3,3
2042,65,0,0,1,3
2043,57,9125,127.5322958,3,3
2044,37,3400,353.1941896,5,8
2045,41,0,0,2,4
2046,70,0,0,1,4
2047,76,4200,1117.816438,1,9
2048,47,1900,7.8980321,1,1
2049,37,5000,1518.918,2,1
2050,56,0,0,1,4
2051,40,4900,4899.99951,2,1
2052,34,3083,2383.858141,1,10
2053,60,5416,179.1824728,1,3
2054,49,1600,18.5094416,1,9
2055,69,0,0,1,4
2056,37,6666,505.4963786,3,9
2057,60,7500,460.298115,1,7
2058,64,2752,1150.187524,1,1
2059,36,7333,418.4722963,1,4
2060,65,3502,3.498455976,1,10
2061,33,8500,0,3,4
2062,40,7800,186.4541796,2,3
2063,28,2600,780.2896088,1,7
2064,57,12500,25.9937875,6,6
2065,49,4028,1223.640341,1,2
2066,69,0,0,1,8
2067,95,0,0,1,1
2068,47,0,0,1,4
2069,41,3361,3354.291417,5,6
2070,28,3300,2441.043158,1,8
2071,39,3000,2613.564405,6,7
2072,59,6124,2547.743414,1,4
2073,48,15000,2455.484085,3,3
2074,41,4000,25.602748,5,6
2075,41,8000,152.704992,1,2
2076,64,0,0,2,5
2077,57,26786,0,4,8
2078,82,3200,107.9315104,1,9
2079,70,9000,160.095951,1,10
2080,44,7583,5789.617247,5,3
2081,61,2326,768.4966138,2,9
2082,32,1685,1533.404771,2,10
2083,63,1600,1599.99984,2,1
2084,40,8750,4986.502701,3,3
2085,35,6250,603.5903063,3,4
2086,45,2900,58.577071,3,7
2087,58,14500,984.1679395,3,8
2088,49,5500,9.1662285,1,8
2089,59,4245,670.469924,2,6
2090,47,6500,6499.99935,1,5
2091,91,3361,96.76527718,1,10
2092,48,0,0,1,7
2093,38,6070,5868.909611,2,3
2094,81,9992,88.22791116,1,9
2095,54,4025,34.25450893,1,8
2096,85,2037,1281.85127,1,1
2097,24,820,17.40230568,1,3
2098,51,6500,0,3,1
2099,25,2600,2043.690698,1,6
2100,58,0,0,1,8
2101,43,1,0.325173986,3,3
2102,57,3100,3099.99969,1,10
2103,48,0,0,4,1
2104,64,5000,3556.509905,1,4
2105,32,3500,1673.152236,1,7
2106,66,10000,143.86735,2,3
2107,68,0,0,1,7
2108,46,8750,3329.723425,3,7
2109,71,0,0,1,2
2110,35,4900,2731.222505,3,6
2111,57,18333,0,1,10
2112,26,0,0,1,7
2113,64,0,0,1,6
2114,41,12965,0,2,1
2115,53,0,0,1,5
2116,70,0,0,1,9
2117,36,6000,86.04801,1,9
2118,58,0,0,1,5
2119,41,11966,7564.757875,1,7
2120,39,1736,294.3078766,2,6
2121,31,8076,4364.82023,1,10
2122,59,5500,1.222188,1,1
2123,39,1333,1332.999867,2,3
2124,38,7000,614.9878,1,1
2125,75,7333,33.72456966,1,5
2126,83,0,0,1,9
2127,42,7654,1057.445733,1,3
2128,35,4000,260.168604,1,6
2129,62,16811,909.1727205,3,8
2130,28,2000,1755.56111,1,7
2131,79,0,0,1,6
2132,69,0,0,1,2
2133,63,3774,3334.986487,2,9
2134,62,10500,109.3719585,1,2
2135,69,5940,136.3427683,1,2
2136,69,3000,70.86831,1,7
2137,52,4000,3471.225768,3,10
2138,51,5166,510.230477,1,6
2139,40,7550,791.360717,3,1
2140,74,4015,3802.009927,1,8
2141,60,20000,13399.72306,2,9
2142,65,2650,184.6891212,1,8
2143,35,3916,2953.602979,3,8
2144,27,1600,1599.99984,2,4
2145,50,3300,402.3507741,1,8
2146,55,9987,3807.074751,3,5
2147,64,2520,635.704645,1,1
2148,50,1000,196.772291,2,4
2149,48,3486,3154.719393,3,6
2150,61,2250,4.59535275,1,4
2151,49,5269,498.4080406,1,5
2152,51,142000,25181.23303,5,10
2153,59,0,0,1,7
2154,40,5836,4151.524903,3,7
2155,34,0,0,3,6
2156,56,0,0,1,4
2157,62,4700,2066.049843,1,7
2158,58,0,0,1,5
2159,40,2500,0,4,8
2160,61,10400,1781.710018,2,3
2161,43,9583,3181.203001,1,8
2162,29,10869,6193.964962,1,7
2163,59,5650,216.4084018,2,3
2164,47,4200,2638.366282,4,9
2165,65,6080,865.3263571,1,4
2166,34,8000,6071.09844,1,7
2167,40,5600,5599.99944,4,7
2168,43,8157,1003.783029,1,9
2169,57,22550,21481.79446,1,6
2170,33,3350,829.1417165,3,2
2171,57,0,0,3,10
2172,62,8100,1401.677922,1,8
2173,59,2982,2981.999702,1,5
2174,39,0,0,1,10
2175,27,5506,5402.186429,2,8
2176,54,21250,309.20501,2,10
2177,64,12000,1924.844784,2,9
2178,57,5342,196.8791696,2,4
2179,56,2763,191.7474062,1,9
2180,75,4525,2390.351065,1,2
2181,35,9666,585.9689946,1,4
2182,38,10500,3025.929008,4,2
2183,65,0,0,1,7
2184,64,12812,4914.80312,1,4
2185,40,3230,981.221028,2,7
2186,42,23333,8496.875631,3,9
2187,51,3666,3665.999633,1,2
2188,77,12700,0,1,9
2189,40,4200,2726.3864,7,10
2190,40,7548,5405.997138,3,1
2191,68,3400,3399.99966,1,7
2192,74,6072,5891.785238,2,10
2193,76,0,0,1,5
2194,55,3950,923.8225201,1,7
2195,67,8083,159.8028338,1,3
2196,69,2289,147.3543063,1,10
2197,61,3000,755.812209,1,5
2198,69,2400,80.4347376,2,4
2199,76,0,0,1,5
2200,41,0,0,1,10
2201,54,1148,116.1390146,1,10
2202,35,0,0,2,3
2203,50,6700,0,3,5
2204,30,0,0,1,2
2205,60,12800,10458.51009,1,7
2206,59,0,0,3,10
2207,62,6000,47.468124,2,5
2208,47,10000,249.99735,4,10
2209,43,3000,698.577747,1,3
2210,53,0,0,1,1
2211,86,25000,588.535525,1,8
2212,59,4083,3433.257862,2,1
2213,37,5000,107.111165,1,10
2214,39,3000,1427.940003,4,4
2215,55,11108,2691.827222,1,6
2216,38,6600,2004.97176,1,9
2217,48,10500,1365.883995,2,9
2218,28,0,0,1,4
2219,53,0,0,1,3
2220,29,4100,504.9178659,4,6
2221,50,9083,4710.305866,2,4
2222,42,9923,0,1,6
2223,33,4416,2440.92154,1,2
2224,67,6512,3229.398187,2,2
2225,56,3800,418.6746748,1,6
2226,41,1417,450.1632697,1,7
2227,76,3200,64.2771424,1,8
2228,53,10749,6052.673103,3,1
2229,40,7500,2226.157245,1,2
2230,42,6000,2762.862408,2,4
2231,40,6900,1457.119782,4,2
2232,72,0,0,1,4
2233,29,2500,1418.054218,1,2
2234,56,5833,851.711993,1,5
2235,91,0,0,1,2
2236,41,0,0,1,10
2237,79,0,0,1,5
2238,44,1989,1988.999801,3,2
2239,76,10500,1154.129225,1,7
2240,43,2080,2079.999792,3,8
2241,31,1833,257.187198,1,4
2242,51,5000,105.502435,1,5
2243,59,9500,9499.99905,3,1
2244,53,12596,3952.375903,1,10
2245,31,2000,106.494676,1,2
2246,57,0,0,1,5
2247,52,24200,1548.975039,4,4
2248,60,0,0,1,7
2249,68,6266,1004.391213,1,10
2250,28,1500,1344.103931,2,4
2251,71,7458,316.622991,1,8
2252,63,0,0,2,5
2253,55,19633,8499.524211,1,1
2254,50,3993,2254.420807,2,3
2255,53,12100,617.550241,3,6
2256,44,0,0,1,9
2257,59,1111,1110.999889,3,7
2258,71,0,0,1,4
2259,32,2493,2153.421926,1,4
2260,64,0,0,1,7
2261,45,10672,483.8356636,4,10
2262,48,4200,1832.258925,2,3
2263,57,4500,2069.82486,2,2
2264,60,4141,938.483464,1,5
2265,44,7450,2263.18782,2,3
2266,60,6492,5588.920128,1,5
2267,75,4200,532.8665958,1,10
2268,42,3333,943.8300942,1,9
2269,59,4793,0,2,5
2270,36,0,0,1,8
2271,50,0,0,1,3
2272,35,6333,2794.719107,1,4
2273,80,6000,300.976344,1,1
2274,52,6743,5566.488326,2,9
2275,56,4700,4684.147478,2,10
2276,66,0,0,1,5
2277,77,5417,380.7159581,1,3
2278,50,17000,0,2,7
2279,42,4577,558.0276157,1,9
2280,57,9883,582.6148381,2,1
2281,76,5300,210.0999977,1,8
2282,31,0,0,3,7
2283,57,7000,6720.475986,1,8
2284,57,4100,554.2140396,1,6
2285,93,6200,657.6892606,1,5
2286,57,5175,951.0914063,2,10
2287,39,6800,1080.232822,3,5
2288,42,0,0,1,7
2289,50,2790,243.1196654,4,7
2290,35,7500,2313.971303,3,5
2291,55,2000,418.078626,1,5
2292,40,0,0,1,6
2293,60,10500,2013.920108,1,8
2294,58,8333,2531.428739,4,2
2295,31,2000,46.494188,1,8
2296,56,0,0,1,2
2297,87,0,0,1,3
2298,64,5684,27.15588408,2,8
2299,63,0,0,4,1
2300,47,10500,0,2,2
2301,39,0,0,1,8
2302,39,700,29.3382803,3,9
2303,29,6700,3477.429323,1,8
2304,76,0,0,1,2
2305,58,2500,1398.450485,1,6
2306,60,0,0,3,10
2307,60,9635,2187.048014,1,10
2308,59,3950,163.692744,1,1
2309,33,10500,193.3084965,1,8
2310,45,5532,225.9119713,1,3
2311,54,2396,1360.260987,2,9
2312,53,3500,192.7290505,2,3
2313,40,2400,2255.73654,4,2
2314,75,7000,1459.440248,2,7
2315,66,885,117.8667063,1,3
2316,67,1767,1399.54841,1,6
2317,54,2750,101.224178,2,1
2318,59,4666,0,1,6
2319,68,4000,1516.104316,1,3
2320,64,0,0,1,10
2321,40,6060,2542.762026,1,2
2322,49,0,0,1,4
2323,71,10000,0,2,1
2324,31,3420,379.9346263,2,1
2325,62,3900,1208.057296,1,2
2326,44,9000,5894.970759,1,10
2327,43,6000,701.592168,1,6
2328,48,7000,3513.017053,1,2
2329,53,8289,3222.540964,2,7
2330,38,4000,2590.84518,3,7
2331,32,2800,2735.321495,1,8
2332,64,6166,77.05908555,1,8
2333,35,3292,777.4926495,2,8
2334,55,5324,100.3393783,1,10
2335,54,12030,8517.692496,3,8
2336,72,14542,8857.232242,1,6
2337,39,6000,91.711668,1,1
2338,42,5833,983.1029953,3,9
2339,57,0,0,1,5
2340,49,5263,350.1862783,1,3
2341,62,6477,353.6435912,1,9
2342,63,2615,3.559184975,1,2
2343,45,0,0,3,10
2344,53,6200,6199.99938,1,3
2345,39,7800,1642.959139,1,3
2346,86,3000,58.12335,1,5
2347,60,5400,3018.368016,1,1
2348,60,2728,0,1,10
2349,64,0,0,1,5
2350,65,6900,312.8256174,1,10
2351,44,3712,250.1363791,1,8
2352,70,0,0,1,6
2353,66,4325,1602.193845,1,7
2354,55,7196,194.7624457,1,2
2355,25,2200,0,1,10
2356,91,0,0,1,5
2357,63,86980,6142.347291,4,8
2358,55,0,0,1,9
2359,28,1162,1161.999884,2,6
2360,29,0,0,1,4
2361,38,3100,2314.174564,3,7
2362,37,3583,1025.478115,1,9
2363,74,5000,1129.99338,1,4
2364,48,2666,809.8870776,4,8
2365,61,5600,133.821828,1,5
2366,78,8200,139.2751058,1,1
2367,62,16350,3601.800981,1,4
2368,26,3000,1957.042956,2,9
2369,54,0,0,1,4
2370,62,11424,2125.526809,1,5
2371,41,8625,23.68685475,1,1
2372,41,6280,103.7486709,1,7
2373,72,0,0,1,5
2374,54,6576,6516.189228,3,10
2375,81,0,0,1,8
2376,62,9583,2738.756638,1,1
2377,63,4154,3965.771123,1,9
2378,32,2800,0,1,5
2379,55,5416,224.9982528,2,8
2380,37,8000,1443.88564,3,8
2381,36,8618,2097.747497,4,8
2382,65,8833,3119.656394,1,1
2383,40,5100,2319.727207,2,6
2384,22,0,0,1,7
2385,42,4344,621.8922224,1,3
2386,37,0,0,2,6
2387,60,4400,4399.99956,1,9
2388,39,9333,436.4865,1,3
2389,56,3476,2411.468615,3,8
2390,39,3500,1063.2426,3,7
2391,48,0,0,3,9
2392,62,3324,1732.963278,1,7
2393,56,10500,246.8826675,4,7
2394,73,4108,6.147609676,2,8
2395,59,10800,1076.21177,1,3
2396,60,0,0,1,6
2397,66,0,0,1,6
2398,45,1,0.940501487,5,7
2399,57,7386,7201.368465,1,2
2400,42,0,0,1,8
2401,48,13000,101.448997,2,8
2402,33,5460,2408.725814,1,3
2403,59,7250,95.44102275,2,8
2404,58,11955,0,1,4
2405,43,3400,609.7955556,3,7
2406,74,0,0,2,9
2407,55,7824,2021.830839,2,3
2408,40,4734,4678.915957,3,2
2409,69,5948,3156.81272,1,2
2410,30,1920,53.44753728,1,9
2411,72,7000,511.793422,1,10
2412,54,5000,2749.862505,2,7
2413,48,5833,0,4,2
2414,52,3158,3139.887149,3,3
2415,54,3017,1563.530723,1,7
2416,61,0,0,1,9
2417,79,3705,9.74101557,1,9
2418,34,11500,4851.44198,2,3
2419,63,10104,1472.592597,1,2
2420,67,5308,404.0030852,1,1
2421,36,8917,8804.668262,3,5
2422,65,0,0,1,9
2423,90,2245,19.3031386,1,1
2424,56,0,0,1,3
2425,36,0,0,1,7
2426,36,3500,726.259016,1,1
2427,34,3877,3268.802894,1,5
2428,60,5164,2522.589765,1,6
2429,39,4901,711.0117026,4,4
2430,44,7251,56.16056847,3,4
2431,54,1,0,3,8
2432,61,0,0,1,9
2433,82,23267,964.7832097,1,9
2434,42,0,0,2,2
2435,67,8600,233.6268432,2,10
2436,42,76613,0,3,7
2437,45,0,0,3,3
2438,44,0,0,2,3
2439,49,0,0,1,2
2440,73,10483,1880.391626,2,6
2441,72,0,0,1,2
2442,40,2800,2799.99972,1,7
2443,83,2500,447.20888,1,1
2444,54,18500,1124.944411,2,6
2445,45,981,942.5810578,2,2
2446,78,3467,82.14914353,1,5
2447,59,10435,494.0736252,2,5
2448,60,4761,231.5808722,2,2
2449,55,5846,5445.832917,1,3
2450,61,2440,21.24199584,1,2
2451,43,5200,5199.99948,2,10
2452,67,6900,382.7021934,2,4
2453,52,0,0,3,6
2454,50,2850,162.1532694,4,9
2455,49,5700,1596.919991,1,1
2456,24,0,0,1,5
2457,57,2600,527.4770982,1,6
2458,46,11100,5357.108296,3,1
2459,64,7000,1052.397297,2,1
2460,41,4400,3555.751346,2,8
2461,52,4700,0,1,8
2462,36,7340,5926.598678,3,8
2463,54,5416,397.3406209,1,6
2464,51,7453,0,2,4
2465,40,1976,1610.042711,1,1
2466,42,3323,3322.999668,3,5
2467,50,2160,503.046288,3,6
2468,58,6578,3737.58944,3,5
2469,70,6554,558.6060778,2,2
2470,79,2500,80.7504825,1,2
2471,59,9570,1401.589279,1,1
2472,56,7262,645.593768,1,8
2473,77,0,0,1,4
2474,58,2400,79.083204,1,9
2475,31,1395,534.9448615,1,9
2476,54,6880,6289.652856,3,2
2477,55,0,0,1,8
2478,67,10416,925.190784,1,2
2479,34,6000,1022.671356,1,10
2480,80,3501,13.37605014,1,6
2481,47,0,0,3,3
2482,47,0,0,1,7
2483,46,0,0,3,9
2484,55,5400,2.5577586,1,4
2485,44,2916,27.35734046,1,2
2486,64,0,0,1,1
2487,49,4400,472.0662936,2,8
2488,42,2310,585.5377721,1,8
2489,42,9820,492.0637711,1,4
2490,31,0,0,1,1
2491,49,4100,1968.939187,2,5
2492,77,8500,144.5569925,2,10
2493,53,10666,1218.138912,2,8
2494,40,2500,1401.352478,2,6
2495,76,0,0,1,3
2496,73,9000,50.481594,1,9
2497,46,5050,1457.970163,3,1
2498,43,0,0,3,5
2499,51,9623,9450.948199,2,5
2500,51,8266,1889.748304,5,2
2501,42,2500,719.8268075,1,6
2502,39,7540,118.9544405,1,2
2503,47,11583,6680.111135,1,3
2504,35,4416,1776.055522,1,1
2505,87,2802,119.9656406,1,8
2506,40,11600,4011.995198,3,3
2507,57,8000,390.614824,1,8
2508,57,8334,84.47453242,1,10
2509,61,0,0,1,10
2510,47,4000,25.231824,3,5
2511,31,7178,5445.640728,1,8
2512,77,5884,975.0619998,3,6
2513,39,9800,37.8313418,1,3
2514,48,21000,2909.237793,5,9
2515,66,10250,538.8289085,2,8
2516,60,3200,1351.629571,1,1
2517,54,49500,656.066169,2,7
2518,43,0,0,1,5
2519,67,3529,332.3070569,1,1
2520,44,7500,549.2483625,4,10
2521,53,10200,3433.379344,2,2
2522,33,15000,4556.754,3,1
2523,64,4231,51.11669111,2,9
2524,61,4500,1046.490701,1,2
2525,57,7083,4289.718683,3,4
2526,70,3679,347.7630597,1,5
2527,33,3200,80.5361216,1,5
2528,41,8600,2522.594174,4,4
2529,54,0,0,3,2
2530,24,3400,54.3456544,1,3
2531,22,0,0,1,10
2532,59,8767,412.0447918,1,1
2533,63,8166,0,2,3
2534,74,2500,20.6339275,1,10
2535,27,9500,3469.62326,3,5
2536,27,2469,2111.90395,1,1
2537,34,0,0,1,10
2538,53,10000,487.99151,1,1
2539,50,8000,6479.444224,3,3
2540,45,0,0,2,8
2541,58,4800,4653.267624,1,2
2542,37,0,0,2,10
2543,48,3465,1724.279634,3,3
2544,34,7916,841.5598471,2,7
2545,69,17773,8582.910856,1,2
2546,57,6200,3645.431509,1,1
2547,55,2035,110.3404432,1,2
2548,63,11620,303.9890189,1,9
2549,26,6516,4718.782143,2,10
2550,63,0,0,1,3
2551,72,3500,0,3,3
2552,53,0,0,3,10
2553,28,1616,1615.999838,3,7
2554,69,2916,2319.490883,1,7
2555,72,6783,371.5499356,1,4
2556,47,1,0.163255783,3,2
2557,56,12333,12332.99877,3,3
2558,84,3006,0,1,2
2559,40,7748,4352.863389,2,10
2560,35,4091,2221.439497,2,4
2561,62,0,0,1,7
2562,67,4740,4739.999526,2,5
2563,34,10000,270.17199,1,6
2564,85,2600,88.5443156,1,2
2565,67,0,0,1,3
2566,64,17951,1265.225236,3,6
2567,46,7833,0,2,4
2568,46,0,0,1,1
2569,66,31000,1550.942772,1,6
2570,64,0,0,4,3
2571,57,0,0,1,10
2572,63,43356,32021.19869,1,9
2573,50,0,0,1,7
2574,32,3775,3774.999623,1,1
2575,71,0,0,1,8
2576,50,10150,4696.268655,3,10
2577,58,5841,1291.978477,1,5
2578,61,6583,1215.842873,1,9
2579,49,7200,750.850956,3,6
2580,48,13841,1685.272271,6,7
2581,54,0,0,6,4
2582,69,3500,636.745753,1,2
2583,43,8301,5622.90368,3,1
2584,37,6500,2007.040185,3,1
2585,52,8752,8720.431414,3,7
2586,68,13300,2989.708051,1,7
2587,65,0,0,1,8
2588,47,10200,804.5403102,2,9
2589,41,4771,919.2907123,3,3
2590,44,5000,0,1,7
2591,84,1902,517.7098231,1,2
2592,34,0,0,1,3
2593,65,8000,2712.046056,1,10
2594,72,0,0,1,9
2595,52,18258,12848.059,5,5
2596,49,7711,1841.26145,3,7
2597,63,707,0,1,4
2598,67,0,0,1,8
2599,59,1384,49.03604174,1,6
2600,37,5342,326.5044289,2,3
2601,29,2416,855.0949573,1,7
2602,70,11285,6270.608463,1,2
2603,37,19350,13069.98287,3,8
2604,52,9693,5045.770691,1,3
2605,38,2200,13.033801,1,1
2606,45,11666,806.4116667,2,6
2607,53,10500,1207.713129,1,7
2608,46,4789,2007.775406,3,2
2609,38,3200,2055.604333,1,4
2610,48,7300,3726.344561,2,10
2611,88,2819,522.9896076,1,7
2612,61,0,0,3,9
2613,52,18582,629.607904,1,9
2614,48,6000,2794.909686,1,7
2615,84,7069,106.1127378,1,9
2616,40,9000,5795.499303,1,10
2617,58,8500,6842.491033,1,1
2618,40,15800,8868.948414,1,8
2619,46,0,0,1,10
2620,65,0,0,1,9
2621,56,4919,112.5065662,2,1
2622,72,0,0,1,5
2623,41,10890,447.2411051,2,7
2624,61,3833,42.72926826,1,10
2625,60,6315,108.15907,1,3
2626,70,4311,21.50511742,1,7
2627,55,0,0,1,5
2628,43,0,0,1,4
2629,43,2500,41.968425,1,5
2630,70,5500,879.6012775,1,5
2631,76,3072,933.2232192,1,8
2632,43,2412,732.7260432,3,9
2633,45,0,0,1,6
2634,50,7666,2240.487207,2,5
2635,84,0,0,1,5
2636,53,1616,321.3157796,2,8
2637,46,11166,6226.439097,3,3
2638,50,3500,3118.576888,1,1
2639,81,0,0,1,2
2640,26,4000,3281.956624,1,10
2641,43,9674,3823.231135,3,8
2642,36,2166,151.9396929,1,5
2643,47,0,0,2,5
2644,52,2200,551.06612,3,2
2645,42,0,0,1,1
2646,64,0,0,1,4
2647,23,2500,66.6389,1,6
2648,70,9533,752.6379097,2,2
2649,49,5856,3077.358223,1,3
2650,59,9082,475.523884,1,6
2651,45,1,0.369756693,1,9
2652,42,7000,3684.390374,1,8
2653,57,2500,2359.728035,1,1
2654,73,0,0,1,9
2655,34,2100,517.954185,4,5
2656,57,17250,846.7677585,1,6
2657,57,16895,2647.152595,2,7
2658,65,9000,1502.032131,1,5
2659,32,6625,209.0439449,1,8
2660,52,5600,117.864796,2,4
2661,53,11000,3782.646241,5,6
2662,28,0,0,1,8
2663,60,0,0,1,7
2664,61,1,0.9999999,1,9
2665,31,4100,804.0849767,1,1
2666,41,0,0,1,1
2667,50,10000,8631.26782,2,6
2668,45,4540,103.1695932,3,3
2669,38,0,0,1,5
2670,61,4855,2314.493646,3,3
2671,66,0,0,1,9
2672,58,8580,651.6790223,1,6
2673,54,11040,1049.695013,1,10
2674,35,4416,84.94826477,1,4
2675,62,12389,133.1784174,2,8
2676,27,4800,4733.231904,1,8
2677,66,0,0,1,8
2678,56,7140,88.42356642,1,7
2679,42,4083,2889.890279,1,3
2680,67,10500,1358.463855,1,2
2681,50,6666,3207.765225,4,5
2682,22,890,71.1288712,1,1
2683,48,8750,3652.160794,1,7
2684,68,2000,468.25529,1,6
2685,78,3334,71.06476344,1,9
2686,58,0,0,4,4
2687,38,5313,3309.742759,2,2
2688,42,7000,2938.005168,1,2
2689,67,3351,343.8952658,1,2
2690,75,3333,59.53290611,1,9
2691,52,6450,74.49563595,2,7
2692,62,0,0,1,3
2693,63,6250,0,3,10
2694,65,0,0,1,6
2695,40,4700,2594.917343,1,7
2696,87,0,0,1,8
2697,47,10500,1062.942521,3,6
2698,35,0,0,1,4
2699,65,3050,243.8331864,1,5
2700,76,2400,44.2773528,1,4
2701,39,9610,62.20191664,4,4
2702,39,2300,457.2785595,3,6
2703,67,3750,0,1,5
2704,41,7500,492.1406775,1,1
2705,53,0,0,1,2
2706,89,0,0,1,2
2707,40,0,0,3,1
2708,58,4600,3866.93607,4,2
2709,35,11666,0,1,1
2710,70,5000,203.774845,1,8
2711,32,4100,315.6824602,1,6
2712,77,3290,48.0291966,1,4
2713,46,7366,7365.999263,1,5
2714,60,6000,5999.9994,3,2
2715,76,0,0,1,8
2716,31,8733,0,1,4
2717,47,17010,4628.118307,7,5
2718,38,3233,1605.606963,3,6
2719,46,9585,431.3185589,1,5
2720,27,0,0,1,10
2721,49,8582,8581.999142,1,5
2722,49,6123,2410.935989,2,3
2723,76,5000,36.276845,1,10
2724,59,2200,637.1514094,1,9
2725,60,2740,208.5215268,1,10
2726,47,9658,37.34795924,1,2
2727,43,9354,1083.078642,1,9
2728,44,3158,3011.638328,3,7
2729,37,2083,1558.204727,3,6
2730,56,0,0,1,9
2731,38,0,0,1,10
2732,26,400,0,1,2
2733,42,8100,1514.320458,3,1
2734,46,4900,4599.413479,2,10
2735,45,7916,2404.750978,1,2
2736,44,2275,2274.999773,3,9
2737,51,0,0,4,7
2738,54,8964,621.5244439,4,1
2739,56,14033,2494.613447,2,6
2740,56,5310,0.319131,2,8
2741,23,666,103.7922079,1,8
2742,71,17983,99.38722156,1,6
2743,52,0,0,1,10
2744,63,3400,0,1,3
2745,56,2208,810.1739659,2,1
2746,23,0,0,1,4
2747,55,1100,0.3905099,4,8
2748,33,5250,425.773908,2,3
2749,52,8100,2460.64716,1,4
2750,57,6000,233.086566,1,4
2751,76,4500,71.133246,1,2
2752,57,9000,3291.593598,3,9
2753,72,0,0,1,2
2754,40,5347,1502.276325,2,5
2755,45,5416,1608.87012,3,7
2756,43,10000,3226.55911,4,2
2757,40,3750,1139.1885,4,9
2758,74,4000,203.295508,1,5
2759,67,3533,84.47309022,2,1
2760,42,2917,2856.019269,2,3
2761,45,1,0.427476407,1,8
2762,66,5682,694.2961145,2,3
2763,57,0,0,1,2
2764,21,0,0,1,7
2765,64,3933,450.5335234,1,9
2766,66,3810,184.3664982,1,10
2767,31,18000,17999.9982,3,2
2768,46,31250,2371.795156,1,4
2769,51,5952,5679.947436,2,9
2770,29,2000,721.381346,1,1
2771,32,3333,776.1729516,1,3
2772,69,0,0,1,9
2773,70,1731,1730.999827,1,5
2774,35,0,0,3,8
2775,60,14581,375.0129675,3,4
2776,67,0,0,1,9
2777,39,0,0,1,7
2778,42,26100,2581.407163,4,5
2779,34,3000,2646.328851,1,10
2780,47,0,0,1,9
2781,36,6462,4644.266366,4,8
2782,37,7250,311.4320223,1,5
2783,33,3438,1361.607723,1,7
2784,44,6210,14.07407697,3,9
2785,53,6000,233.269596,1,1
2786,43,1,0,1,4
2787,69,5350,503.4275475,1,2
2788,81,12139,431.1225574,1,1
2789,59,17000,1950.151889,2,6
2790,51,1800,648.054594,2,7
2791,29,1162,352.9965432,1,4
2792,67,6100,153.6151288,1,1
2793,65,6018,314.5883442,1,8
2794,81,2800,73.7781548,1,9
2795,38,4468,1633.741357,1,6
2796,35,5080,2751.543544,2,4
2797,39,5000,1262.553105,2,4
2798,52,0,0,1,3
2799,49,3586,2309.639273,2,10
2800,52,3166,561.3997677,3,1
2801,40,2824,53.357362,4,4
2802,41,2250,2085.832085,3,7
2803,46,8650,2862.207358,4,5
2804,27,0,0,1,8
2805,56,12250,1956.92585,1,9
2806,61,25166,22877.3149,2,9
2807,60,6639,1357.297137,1,1
2808,55,6833,62.51486418,1,10
2809,58,5928,0,1,4
2810,57,3767,1094.848,1,8
2811,51,0,0,4,9
2812,31,10791,1542.473795,3,1
2813,33,5800,1057.971017,2,2
2814,65,10190,706.4190293,1,2
2815,76,7396,34.99074965,2,3
2816,42,5000,2985.19625,1,8
2817,41,7200,273.2750784,1,5
2818,63,4437,124.6765852,1,1
2819,65,3428,964.4615816,1,5
2820,61,1016,469.2747577,2,2
2821,71,10129,5949.180149,1,1
2822,49,0,0,1,1
2823,59,0,0,1,5
2824,45,5800,681.4115732,4,5
2825,57,8835,310.3156454,2,7
2826,45,3255,2649.962075,3,6
2827,46,9552,3722.965656,3,4
2828,66,3355,1933.955405,1,4
2829,28,3500,3499.99965,2,9
2830,44,7960,34.1791654,3,4
2831,52,3100,941.72916,1,3
2832,43,1719,12.43106883,1,4
2833,33,8932,1125.395102,3,1
2834,41,3000,1616.974575,4,7
2835,22,800,18.7953008,1,10
2836,60,33867,338.6488331,1,8
2837,62,6000,74.418036,2,7
2838,59,4333,427.2850377,1,8
2839,49,9428,91.26359625,2,8
2840,71,2450,114.3204129,1,9
2841,54,4757,199.7202094,2,4
2842,29,4000,1273.430208,1,3
2843,83,13333,13332.99867,1,9
2844,68,0,0,1,2
2845,59,3783,343.083792,2,4
2846,83,0,0,1,7
2847,62,12450,1192.840078,3,6
2848,73,0,0,1,3
2849,80,0,0,1,6
2850,37,3944,119.4972248,2,7
2851,50,4500,793.016559,2,4
2852,42,0,0,1,9
2853,22,0,0,1,5
2854,54,11666,521.1237198,3,10
2855,45,1974,13.15791217,1,5
2856,46,0,0,1,9
2857,29,3519,1112.09631,2,6
2858,73,13500,349.9342965,1,7
2859,55,0,0,1,8
2860,57,5800,680.3126008,2,10
2861,44,0,0,2,5
2862,55,8700,7092.083992,1,7
2863,64,10600,10599.99894,1,6
2864,47,11250,925.3288575,1,1
2865,51,6250,3282.598819,1,4
2866,41,6319,2836.294196,3,8
2867,62,0,0,1,7
2868,62,5501,1532.272145,1,6
2869,57,4000,576.13916,1,9
2870,77,0,0,1,7
2871,56,6100,6099.99939,1,8
2872,39,6000,921.491748,3,2
2873,63,8500,5906.597402,1,9
2874,34,1700,316.4767039,1,6
2875,38,3260,2699.504735,1,2
2876,25,0,0,1,7
2877,36,3100,933.7579626,1,8
2878,52,6979,6190.485648,3,9
2879,70,4200,800.9224902,1,4
2880,55,3400,1832.129195,1,4
2881,37,5600,2739.043485,1,8
2882,64,0,0,1,3
2883,85,3861,1305.532328,1,4
2884,41,2800,2431.174752,3,5
2885,27,2066,1446.71607,3,6
2886,53,0,0,1,5
2887,69,4411,8.693891327,2,2
2888,47,3000,286.476126,1,1
2889,73,0,0,1,7
2890,53,1900,1899.99981,1,4
2891,42,3684,2093.426656,4,6
2892,71,3200,58.8368128,1,1
2893,37,7334,2217.865971,1,1
2894,61,5000,368.75374,1,3
2895,85,7083,5.533161687,1,5
2896,68,0,0,1,6
2897,85,2463,191.6309047,1,1
2898,42,4150,1057.289304,1,5
2899,42,300,26.3277552,2,3
2900,57,5681,878.0266312,1,2
2901,37,0,0,1,9
2902,28,1400,1399.99986,1,10
2903,53,2771,666.7384096,1,6
2904,78,0,0,1,8
2905,61,4515,2.912856765,1,1
2906,59,0,0,1,5
2907,50,6400,1583.696352,3,8
2908,39,5600,195.5187976,2,8
2909,41,3000,791.289372,5,9
2910,46,5833,4056.445856,3,10
2911,66,8360,5178.918485,2,5
2912,28,4056,1448.185191,1,5
2913,70,10150,2606.426336,1,1
2914,33,3684,2331.733502,2,5
2915,34,15000,17.71152,2,5
2916,73,15166,585.8437893,1,5
2917,31,5486,1666.55683,3,8
2918,57,0,0,1,4
2919,46,5153,2618.085715,2,6
2920,45,1846,560.7845256,2,1
2921,61,6705,4238.579046,1,1
2922,76,758,757.9999242,1,9
2923,33,0,0,4,6
2924,71,0,0,1,4
2925,63,6204,97.802958,1,4
2926,68,0,0,1,8
2927,62,5667,97.55072927,1,8
2928,73,3486,2529.510829,1,5
2929,46,0,0,2,3
2930,62,0,0,1,9
2931,40,1600,4.7623472,1,10
2932,35,0,0,1,3
2933,28,5250,2528.55551,1,2
2934,51,37500,21181.21628,3,6
2935,45,3850,0,1,1
2936,52,8365,5577.804728,4,5
2937,48,0,0,1,8
2938,65,0,0,1,3
2939,24,900,289.5104898,1,9
2940,22,929,0,1,8
2941,51,0,0,1,1
2942,50,4500,3580.256853,4,1
2943,76,0,0,1,5
2944,67,8000,208.431432,1,4
2945,70,3400,16.4058296,1,8
2946,40,1988,1987.905995,4,6
2947,48,5000,3889.376645,2,9
2948,44,3800,331.5481456,1,7
2949,34,0,0,3,1
2950,45,8658,860.40404,4,10
2951,54,0,0,1,2
2952,52,13035,3396.551927,3,7
2953,50,7000,73.379516,3,6
2954,53,4000,3999.9996,2,8
2955,43,12000,114.301464,5,9
2956,49,2300,1267.709292,1,7
2957,49,3766,1219.701368,1,4
2958,34,3237,1563.357045,1,6
2959,47,8930,8224.161977,6,3
2960,40,0,0,4,7
2961,61,5491,91.67179474,1,8
2962,53,0,0,1,9
2963,43,5000,0,1,2
2964,25,2400,2399.99976,1,3
2965,58,9166,6964.616299,2,2
2966,56,8058,1873.818762,1,9
2967,29,2433,476.181242,1,2
2968,58,1881,427.5943768,1,9
2969,64,4166,41.04002421,1,3
2970,70,6200,5535.739905,1,3
2971,54,0,0,1,5
2972,79,9167,85.49911478,2,1
2973,54,0,0,1,3
2974,48,1395,97.59592004,1,10
2975,45,17500,14483.41967,3,5
2976,49,5000,356.852695,1,2
2977,67,8333,1382.62281,2,4
2978,47,5300,49.9557436,2,5
2979,54,3244,1142.125795,4,3
2980,79,0,0,1,6
2981,63,0,0,1,2
2982,37,6628,0,3,1
2983,54,9645,8184.725173,1,4
2984,50,10000,3021.3171,1,10
2985,55,12500,0,2,2
2986,49,0,0,1,10
2987,41,8000,5303.113128,1,5
2988,60,0,0,1,3
2989,69,0,0,1,2
2990,56,100,15.0237596,3,1
2991,30,4000,0,3,3
2992,44,8000,2646.34344,3,3
2993,31,3796,1009.717848,1,7
2994,57,4150,1839.1255,2,4
2995,72,7916,3033.194729,2,10
2996,35,7174,6315.360412,1,2
2997,76,0,0,1,1
2998,50,0,0,1,9
2999,35,5100,1549.29636,2,5
3000,49,400,63.9972176,1,10
